{"trial_id": "1", "hyperparameters": {"space": [{"class_name": "Int", "config": {"name": "encoder_lstm_units", "default": null, "conditions": [], "min_value": 32, "max_value": 256, "step": 32, "sampling": "linear"}}, {"class_name": "Int", "config": {"name": "latent_lstm_units", "default": null, "conditions": [], "min_value": 16, "max_value": 128, "step": 16, "sampling": "linear"}}, {"class_name": "Int", "config": {"name": "decoder_lstm_units", "default": null, "conditions": [], "min_value": 16, "max_value": 128, "step": 16, "sampling": "linear"}}], "values": {"encoder_lstm_units": 192, "latent_lstm_units": 16, "decoder_lstm_units": 16}}, "metrics": {"metrics": {"loss": {"direction": "min", "observations": [{"value": [0.007184410467743874], "step": 42}]}, "val_loss": {"direction": "min", "observations": [{"value": [0.006782038602977991], "step": 42}]}, "lr": {"direction": "min", "observations": [{"value": [0.00020000000949949026], "step": 42}]}}}, "score": 0.006782038602977991, "best_step": 42, "status": "COMPLETED", "message": null}