{"trial_id": "2", "hyperparameters": {"space": [{"class_name": "Int", "config": {"name": "encoder_lstm_units", "default": null, "conditions": [], "min_value": 32, "max_value": 256, "step": 32, "sampling": "linear"}}, {"class_name": "Int", "config": {"name": "latent_lstm_units", "default": null, "conditions": [], "min_value": 16, "max_value": 128, "step": 16, "sampling": "linear"}}, {"class_name": "Int", "config": {"name": "decoder_lstm_units", "default": null, "conditions": [], "min_value": 16, "max_value": 128, "step": 16, "sampling": "linear"}}], "values": {"encoder_lstm_units": 256, "latent_lstm_units": 112, "decoder_lstm_units": 16}}, "metrics": {"metrics": {}}, "score": null, "best_step": 0, "status": "RUNNING", "message": null}