{"trial_id": "0", "hyperparameters": {"space": [{"class_name": "Int", "config": {"name": "encoder_lstm_units", "default": null, "conditions": [], "min_value": 32, "max_value": 256, "step": 32, "sampling": "linear"}}, {"class_name": "Int", "config": {"name": "latent_lstm_units", "default": null, "conditions": [], "min_value": 16, "max_value": 128, "step": 16, "sampling": "linear"}}, {"class_name": "Int", "config": {"name": "decoder_lstm_units", "default": null, "conditions": [], "min_value": 16, "max_value": 128, "step": 16, "sampling": "linear"}}], "values": {"encoder_lstm_units": 224, "latent_lstm_units": 112, "decoder_lstm_units": 112}}, "metrics": {"metrics": {"loss": {"direction": "min", "observations": [{"value": [0.0073277330957353115], "step": 27}]}, "val_loss": {"direction": "min", "observations": [{"value": [0.006713430397212505], "step": 27}]}, "lr": {"direction": "min", "observations": [{"value": [0.00020000000949949026], "step": 27}]}}}, "score": 0.006713430397212505, "best_step": 27, "status": "COMPLETED", "message": null}