,distance_anomaly_score,recon_loss
0,0.060198767,-1.904470574
1,0.060198767,-1.904470594
2,0.060198767,-1.904470593
3,0.060198767,-1.904470574
4,-3.979059053,5.224648263
5,0.060198767,4.03646179
6,0.060198767,3.187757164
7,0.060198767,2.551228694
8,0.060198767,2.056150996
9,0.060198767,1.660088844
10,0.060198767,1.336037988
11,0.060198767,1.065995608
12,0.060198767,0.837498208
13,0.060198767,0.641643293
14,0.060198767,0.471902368
15,0.060198767,0.323379063
16,0.060198767,0.192329084
17,0.060198767,0.075840214
18,0.060198767,-0.028386671
19,2.205534956,8.206142989
20,0.060198767,7.72468524
21,0.060198767,7.286996455
22,2.505494131,6.901412469
23,-1.083939718,6.534682006
24,-1.083939718,6.197289979
25,-1.083939718,5.885851185
26,-0.774687788,5.601205548
27,0.060198767,5.333145675
28,-0.774687788,5.087189569
29,2.505494131,4.864902076
30,0.060198767,4.646535216
31,-1.244726232,5.496126282
32,2.605597138,5.272157326
33,0.060198767,5.061080035
34,0.060198767,4.862064301
35,0.060198767,4.674105001
36,0.060198767,4.496305661
37,0.060198767,4.327864181
38,0.060198767,4.168060725
39,0.060198767,4.016247442
40,0.060198767,3.871839686
41,0.060198767,3.73430849
42,0.060198767,3.603174093
43,0.060198767,3.478000351
44,0.060198767,3.358389886
45,0.060198767,3.243979875
46,0.060198767,3.134438376
47,0.060198767,3.029461107
48,0.060198767,2.928768624
49,0.060198767,2.83210384
50,0.060198767,2.739229832
51,0.060198767,2.6499279
52,0.060198767,2.563995853
53,0.060198767,2.481246476
54,0.060198767,2.401506166
55,0.060198767,2.324613724
56,0.060198767,2.250419263
57,0.060198767,2.178783231
58,0.060198767,2.109575539
59,0.060198767,2.042674771
60,0.060198767,1.97796747
61,0.060198767,1.915347502
62,0.060198767,1.854715469
63,0.060198767,1.795978186
64,0.060198767,1.739048205
65,0.060198767,1.683843375
66,0.060198767,1.63028645
67,0.060198767,1.57830473
68,0.060198767,1.527829725
69,0.060198767,1.478796864
70,0.060198767,1.43114521
71,0.060198767,1.384817212
72,0.060198767,1.339758475
73,0.060198767,1.295917543
74,0.060198767,1.253245702
75,0.060198767,1.211696803
76,0.060198767,1.171227097
77,0.060198767,1.131795075
78,0.060198767,1.093361332
79,0.060198767,1.055888434
80,0.060198767,1.019340792
81,0.060198767,0.983684556
82,0.060198767,0.948887506
83,0.060198767,0.914918957
84,0.060198767,0.881749668
85,0.060198767,0.849351759
86,0.060198767,0.817698629
87,0.060198767,0.786764888
88,0.060198767,0.756526287
89,0.060198767,0.726959655
90,0.060198767,0.698042839
91,0.060198767,0.669754651
92,0.060198767,0.64207481
93,0.060198767,0.614983901
94,0.060198767,0.588463328
95,0.060198767,0.562495266
96,0.060198767,0.537062628
97,0.060198767,0.512149024
98,0.060198767,0.487738725
99,0.060198767,0.463816632
100,0.060198767,0.440368244
101,0.060198767,0.417379628
102,0.060198767,0.394837393
103,0.060198767,0.372728662
104,0.060198767,0.351041051
105,0.060198767,0.329762639
106,0.060198767,0.308881955
107,0.060198767,0.28838795
108,0.060198767,0.268269982
109,0.060198767,0.248517795
110,0.060198767,0.229121503
111,0.060198767,0.210071574
112,0.060198767,0.191358812
113,0.060198767,0.172974344
114,0.060198767,0.154909605
115,1.707942583,0.997286578
116,0.060198767,0.972485264
117,0.060198767,0.948104297
118,2.505494131,0.926847662
119,-1.083939718,0.90328961
120,-1.083939718,0.880120946
121,-1.083939718,0.857332097
122,-1.083939718,0.834913798
123,-1.083939718,0.812857086
124,0.060198767,0.791118464
125,-1.083939718,0.76975944
126,-1.083939718,0.748736778
127,2.505494131,0.730532315
128,-1.083939718,0.710139672
129,-3.288403333,0.8801116
130,0.350832391,1.099355534
131,0.060198767,1.076599295
132,0.060198767,1.054185236
133,0.060198767,1.032105715
134,0.060198767,1.010353297
135,0.060198767,0.988920769
136,0.060198767,0.967801124
137,0.060198767,0.946987561
138,0.060198767,0.926473474
139,0.060198767,0.906252445
140,0.060198767,0.886318239
141,0.060198767,0.866664797
142,0.060198767,0.847286227
143,0.060198767,0.828176806
144,0.060198767,0.809330962
145,0.060198767,0.79074328
146,0.060198767,0.772408492
147,0.060198767,0.754321471
148,0.060198767,0.736477229
149,0.060198767,0.71887091
150,0.060198767,0.701497788
151,0.060198767,0.684353259
152,0.060198767,0.667432842
153,0.060198767,0.65073217
154,0.060198767,0.634246991
155,0.060198767,0.617973161
156,0.060198767,0.60190664
157,0.060198767,0.586043494
158,0.060198767,0.570379883
159,0.060198767,0.554912067
160,0.060198767,0.539636399
161,0.060198767,0.524549319
162,0.060198767,0.509647356
163,0.060198767,0.494927125
164,0.060198767,0.480385321
165,0.060198767,0.466018719
166,0.060198767,0.451824172
167,2.614532759,0.640712693
168,0.060198767,0.62565244
169,-9.09490979,0.763239864
170,2.505494131,0.749528314
171,-1.083939718,0.734123389
172,-1.083939718,0.718896557
173,-1.083939718,0.703844745
174,-1.083939718,0.688964954
175,-1.083939718,0.674254252
176,-1.083939718,0.659709773
177,-1.083939718,0.645328714
178,-1.083939718,0.631108338
179,2.505494131,0.618816434
180,0.060198767,0.604875626
181,2.548944135,0.961613235
182,0.060198767,0.945951575
183,0.060198767,0.93046015
184,0.060198767,0.9151362
185,0.060198767,0.899977024
186,0.060198767,0.884979978
187,0.060198767,0.870142475
188,0.060198767,0.855461983
189,0.060198767,0.840936022
190,0.060198767,0.826562165
191,0.060198767,0.812338036
192,0.060198767,0.798261308
193,0.060198767,0.7843297
194,0.060198767,0.770540981
195,0.060198767,0.756892963
196,0.060198767,0.743383503
197,0.060198767,0.730010503
198,0.060198767,0.716771904
199,0.060198767,0.703665692
200,0.060198767,0.690689889
201,0.060198767,0.677842561
202,0.060198767,0.665121806
203,0.060198767,0.652525765
204,0.060198767,0.640052612
205,0.060198767,0.627700558
206,0.060198767,0.615467847
207,0.060198767,0.603352759
208,0.060198767,0.591353604
209,0.060198767,0.579468727
210,0.060198767,0.567696503
211,0.060198767,0.556035337
212,0.060198767,0.544483666
213,2.205534956,1.311388929
214,0.060198767,1.296431443
215,-9.09490979,1.401612388
216,2.505494131,1.387865629
217,-1.083939718,1.372783132
218,-1.083939718,1.357838379
219,-1.083939718,1.343029476
220,-1.083939718,1.328354597
221,-1.083939718,1.313811925
222,-1.083939718,1.29939968
223,-1.083939718,1.285116116
224,2.505494131,1.272375891
225,-1.083939718,1.258338305
226,0.060198767,1.24440523
227,2.605597138,1.230636563
228,0.060198767,1.216946139
229,0.060198767,1.203374762
230,0.060198767,1.189920886
231,0.060198767,1.176582992
232,0.060198767,1.163359586
233,0.060198767,1.150249201
234,0.060198767,1.137250393
235,0.060198767,1.124361745
236,0.060198767,1.111581862
237,0.060198767,1.098909372
238,0.060198767,1.086342929
239,0.060198767,1.073881206
240,0.060198767,1.0615229
241,0.060198767,1.049266729
242,0.060198767,1.037111431
243,0.060198767,1.025055767
244,0.060198767,1.013098517
245,0.060198767,1.00123848
246,0.060198767,0.989474476
247,0.060198767,0.977805342
248,0.060198767,0.966229937
249,0.060198767,0.954747135
250,0.060198767,0.943355829
251,0.060198767,0.932054931
252,0.060198767,0.920843368
253,0.060198767,0.909720084
254,0.060198767,0.898684043
255,0.060198767,0.88773422
256,0.060198767,0.87686961
257,0.060198767,0.866089221
258,0.060198767,0.855392079
259,0.060198767,0.844777223
260,0.060198767,0.834243706
261,0.060198767,0.823790599
262,0.060198767,0.813416982
263,0.060198767,0.803121953
264,2.614532759,0.921544497
265,0.060198767,0.910920376
266,2.505494131,0.901585711
267,-1.083939718,0.891131591
268,-1.083939718,0.880755196
269,0.060198767,0.870439544
270,-1.083939718,0.860216083
271,-1.083939718,0.850067793
272,0.060198767,0.839977909
273,-1.083939718,0.829977557
274,-1.083939718,0.820049934
275,0.060198767,0.810178483
276,2.505494131,0.801544505
277,-1.244729877,0.913170056
278,2.605597138,0.90310547
279,0.060198767,0.893078413
280,0.060198767,0.883122723
281,0.060198767,0.87323764
282,0.060198767,0.863422416
283,0.060198767,0.853676315
284,0.060198767,0.843998606
285,0.060198767,0.834388574
286,0.060198767,0.824845511
287,0.060198767,0.815368719
288,0.060198767,0.80595751
289,0.060198767,0.796611206
290,0.060198767,0.787329138
291,0.060198767,0.778110646
292,0.060198767,0.768955079
293,0.060198767,0.759861794
294,0.060198767,0.750830159
295,0.060198767,0.741859549
296,0.060198767,0.732949346
297,0.060198767,0.724098944
298,0.060198767,0.715307741
299,0.060198767,0.706575147
300,0.060198767,0.697900576
301,0.060198767,0.697900579
302,0.060198767,0.697900564
303,0.060198767,0.697900565
304,0.060198767,0.697900578
305,0.060198767,0.579476673
306,0.060198767,0.579476673
307,0.060198767,0.579476673
308,0.060198767,0.579476675
309,0.060198767,0.579476678
310,0.060198767,0.57947668
311,0.060198767,0.579476683
312,0.060198767,0.579476678
313,0.060198767,0.579476673
314,0.060198767,0.579476673
315,0.060198767,0.579476673
316,0.060198767,0.579476673
317,0.060198767,0.579476673
318,0.060198767,0.579476673
319,0.060198767,0.579476673
320,0.060198767,0.026098982
321,0.060198767,0.026098985
322,2.614532759,0.139353361
323,0.060198767,0.138280151
324,2.505494131,0.13933892
325,-1.083939718,0.139338917
326,-1.083939718,0.139338912
327,-1.083939718,0.139004899
328,-1.083939718,0.139019357
329,-1.083939718,0.138685346
330,0.060198767,0.137612139
331,-1.083939718,0.137626597
332,-1.083939718,0.025554945
333,2.505494131,0.026596194
334,-1.244729877,0.138682288
335,2.605597138,0.138714257
336,0.060198767,0.13871427
337,0.060198767,0.138714266
338,0.060198767,0.138714265
339,0.060198767,0.138714263
340,0.060198767,0.138714265
341,0.060198767,0.138714267
342,0.060198767,0.13871427
343,0.060198767,0.138714273
344,0.060198767,0.138714268
345,0.060198767,0.138714262
346,0.060198767,0.138714265
347,0.060198767,0.138714265
348,0.060198767,0.138714263
349,0.060198767,0.138714263
350,0.060198767,0.138714263
351,0.060198767,0.138714263
352,0.060198767,0.138714248
353,0.060198767,0.138714251
354,0.060198767,0.138714253
355,0.060198767,0.138714253
356,0.060198767,0.13871427
357,0.060198767,0.13871427
358,0.060198767,0.138714265
359,-0.703016965,0.35725965
360,-0.703016965,0.575805034
361,0.060198767,0.57580503
362,0.060198767,0.57580503
363,0.060198767,0.57580503
364,0.058183515,0.689773186
365,0.058857695,0.803997163
366,0.060198767,0.803997148
367,0.060198767,0.803997152
368,0.060198767,0.803997165
369,0.058183515,0.917965314
370,0.060198767,0.917965312
371,2.614532759,1.031219683
372,0.060198767,1.031219687
373,-9.09490979,1.117332609
374,1.749257076,1.117597847
375,-1.083939718,1.117612307
376,-1.083939718,1.117626761
377,0.060198767,1.117626756
378,-0.774687788,1.117975226
379,-0.774687788,1.118323694
380,0.060198767,1.118323693
381,-1.083939718,1.118338152
382,2.505494131,1.119411362
383,-1.244726232,1.231497472
384,2.605597138,1.231529424
385,0.060198767,1.231529427
386,0.060198767,1.231529431
387,0.060198767,1.231529428
388,0.060198767,1.23152944
389,0.060198767,1.231529443
390,0.060198767,1.231529438
391,0.060198767,1.231529435
392,0.060198767,1.231529434
393,0.060198767,1.231529435
394,0.060198767,1.231529436
395,0.058857695,1.345753414
396,0.060198767,1.345753417
397,0.060198767,1.345753417
398,0.060198767,1.345753402
399,0.060198767,1.345753406
400,0.060198767,1.345753419
401,0.060198767,1.345753414
402,0.060198767,1.345753414
403,0.060198767,1.345753412
404,0.060198767,1.345753418
405,0.060198767,1.345753424
406,0.060198767,1.345753423
407,0.060198767,1.345753422
408,0.060198767,1.345753416
409,0.060198767,1.345753412
410,0.060198767,1.345753415
411,0.060198767,1.345753414
412,0.060198767,1.345753412
413,0.060198767,1.345753412
414,0.060198767,1.345753413
415,0.060198767,1.345753413
416,0.060198767,1.014274632
417,0.060198767,1.014274635
418,0.060198767,1.014274623
419,0.060198767,1.01320141
420,2.614532759,1.126441337
421,0.060198767,1.126426882
422,-8.758856463,1.359561016
423,-1.244729877,1.471632718
424,-1.244729877,1.583704372
425,-1.244729877,1.695790485
426,-1.244729877,1.807862141
427,-1.244729877,1.919933798
428,-1.244729877,2.030946704
429,0.060198767,2.030932245
430,-1.244729877,2.060922129
431,-8.758856463,2.189401171
432,-1.244729877,2.301487336
433,-1.244729877,2.413573451
434,2.605597138,2.413605415
435,0.060198767,2.413605359
436,0.060198767,2.413605365
437,0.060198767,2.413605423
438,0.060198767,2.413605421
439,0.060198767,2.413605421
440,0.060198767,2.413605415
441,0.060198767,2.413605411
442,0.060198767,2.413605413
443,0.060198767,2.413605412
444,0.060198767,2.413605359
445,0.060198767,2.413605359
446,0.060198767,2.413605411
447,0.060198767,2.413605411
448,0.060198767,2.413605415
449,0.060198767,2.413605418
450,0.060198767,2.413605405
451,0.060198767,2.4136054
452,0.060198767,2.413605412
453,0.060198767,2.413605418
454,0.060198767,2.413605413
455,0.060198767,2.413605409
456,0.060198767,2.413605408
457,0.060198767,2.413605409
458,0.060198767,2.41360541
459,0.060198767,2.413605413
460,0.060198767,2.413605413
461,0.060198767,2.413605413
462,0.060198767,2.413605413
463,0.060198767,2.413605412
464,0.060198767,2.413605413
465,0.060198767,2.413605415
466,0.060198767,2.413605415
467,0.060198767,2.413605359
468,0.060198767,2.300350992
469,0.060198767,2.300351049
470,0.060198767,2.214238135
471,0.060198767,2.213164924
472,0.060198767,2.213150465
473,0.060198767,2.213136005
474,0.060198767,2.21312155
475,0.060198767,2.213107091
476,0.060198767,2.213092579
477,0.060198767,2.21307812
478,0.060198767,2.213063715
479,0.060198767,2.213049256
480,0.060198767,2.211976051
481,0.060198767,2.211976053
482,0.060198767,1.987937531
483,0.060198767,1.987937525
484,0.060198767,1.987937536
485,0.060198767,1.987937542
486,0.060198767,1.987937537
487,0.060198767,1.987937533
488,0.060198767,1.987937532
489,0.060198767,1.987937533
490,0.060198767,1.987937534
491,0.060198767,1.987937537
492,0.060198767,1.987937537
493,0.060198767,1.987937537
494,0.060198767,1.987937537
495,0.060198767,1.987937537
496,0.060198767,1.987937537
497,0.060198767,1.98793754
498,0.060198767,1.987937539
499,0.060198767,1.987937483
500,0.060198767,1.987937487
501,0.060198767,1.987937545
502,0.060198767,1.987937541
503,0.060198767,1.987937537
504,0.060198767,1.987937537
505,0.060198767,1.987937535
506,0.060198767,1.987937538
507,0.060198767,1.987937537
508,0.060198767,1.987937483
509,0.060198767,1.987937483
510,0.060198767,1.987937536
511,0.060198767,1.987937536
512,0.060198767,1.987937537
513,0.060198767,1.987937539
514,0.060198767,1.434559866
515,0.060198767,1.43455986
516,0.060198767,1.348446945
517,2.614532759,1.460628114
518,0.060198767,1.460613653
519,-9.09490979,1.546712109
520,2.505494131,1.547770855
521,-1.083939718,1.547770853
522,-1.083939718,1.547770854
523,-1.083939718,1.547770857
524,-1.083939718,1.547770857
525,-1.083939718,1.546712106
526,-1.083939718,1.546712106
527,-1.083939718,1.546726566
528,-1.083939718,1.54670906
529,2.505494131,1.547782273
530,0.060198767,1.547782272
531,2.605597138,1.54781418
532,0.060198767,1.547814187
533,0.060198767,1.547814247
534,0.060198767,1.547814238
535,0.060198767,1.547814232
536,0.060198767,1.547814231
537,0.060198767,1.54781423
538,0.060198767,1.547814232
539,0.060198767,1.547814232
540,0.060198767,1.547814178
541,0.060198767,1.547814178
542,0.060198767,1.547814233
543,0.060198767,1.547814233
544,0.060198767,1.547814232
545,0.060198767,1.547814235
546,0.060198767,1.547814237
547,0.060198767,1.547814231
548,0.060198767,1.547814226
549,0.060198767,1.547814229
550,0.060198767,1.547814229
551,0.060198767,1.547814228
552,0.060198767,1.547814227
553,0.060198767,1.547814228
554,0.060198767,1.547814229
555,0.060198767,1.547814232
556,0.060198767,1.547814232
557,0.060198767,1.547814229
558,0.060198767,1.547814229
559,0.060198767,1.547814232
560,0.060198767,1.547814232
561,0.060198767,1.547814234
562,0.060198767,1.547814237
563,-0.703016965,1.766359568
564,0.060198767,1.76635957
565,0.060198767,1.653105258
566,0.060198767,1.653105249
567,0.060198767,1.652032035
568,0.060198767,1.652017576
569,0.060198767,1.652003119
570,0.060198767,1.652003122
571,0.060198767,1.651988663
572,0.060198767,1.651974151
573,0.060198767,1.651974151
574,0.060198767,1.651959748
575,0.060198767,1.65194529
576,0.060198767,1.651945292
577,0.060198767,1.650872085
578,0.060198767,1.538785971
579,0.060198767,1.538754003
580,0.060198767,1.538753998
581,0.060198767,1.538754001
582,0.060198767,1.538754001
583,0.060198767,1.538754
584,0.060198767,1.538753999
585,0.060198767,1.538754
586,0.060198767,1.538754001
587,0.060198767,1.538754004
588,0.060198767,1.538754004
589,0.060198767,1.538754002
590,0.060198767,1.538754001
591,0.060198767,1.538754004
592,0.060198767,1.538754004
593,0.060198767,1.538754006
594,0.060198767,1.538754009
595,0.060198767,1.538753952
596,0.060198767,1.538753959
597,0.060198767,1.538754017
598,0.060198767,1.538754008
599,0.060198767,1.538754001
600,0.060198767,1.538754001
601,0.060198767,1.538754002
602,0.060198767,1.538754005
603,0.060198767,1.538754004
604,0.060198767,1.53875395
605,0.060198767,1.53875395
606,0.060198767,1.538754005
607,0.060198767,1.538754005
608,0.060198767,1.538754008
609,0.060198767,1.538754008
610,0.060198767,1.538754006
611,0.060198767,1.538754003
612,0.060198767,1.538753998
613,0.060198767,1.538754001
614,-3.886904084,1.771190537
615,2.551823067,1.881969072
616,0.060198767,1.881969072
617,2.505494131,1.883042282
618,-1.083939718,1.883056739
619,-1.083939718,1.8830712
620,-1.083939718,1.883085658
621,0.060198767,1.883085656
622,-1.083939718,1.883100114
623,0.060198767,1.769845743
624,-1.083939718,1.769860201
625,-1.083939718,1.768801455
626,2.505494131,1.769860209
627,-1.083939718,1.769860149
628,2.605597138,1.769877661
629,0.060198767,1.769863265
630,0.060198767,1.7698488
631,0.060198767,1.769848794
632,0.060198767,1.769834332
633,0.060198767,1.769819875
634,0.060198767,1.768746668
635,0.060198767,1.656660554
636,0.060198767,1.656628539
637,0.060198767,1.656628539
638,0.060198767,1.656628594
639,0.060198767,1.656628597
640,0.060198767,1.656628599
641,0.060198767,1.656628597
642,0.060198767,1.656628595
643,0.060198767,1.656628592
644,0.060198767,1.656628587
645,0.060198767,1.65662859
646,0.060198767,1.65662859
647,0.060198767,1.656628589
648,0.060198767,1.656628588
649,0.060198767,1.656628589
650,0.060198767,1.65662859
651,0.060198767,1.656628593
652,0.060198767,1.656628593
653,0.060198767,1.65662859
654,0.060198767,1.65662859
655,0.060198767,1.65662859
656,0.060198767,1.65662859
657,0.060198767,1.656628593
658,0.060198767,1.656628595
659,0.060198767,1.656628538
660,0.060198767,1.438083156
661,0.060198767,1.21953783
662,0.060198767,1.219537828
663,0.060198767,1.219537825
664,0.060198767,1.219537822
665,0.060198767,1.10556967
666,0.060198767,0.991345695
667,0.060198767,0.991345695
668,0.060198767,0.991345643
669,0.060198767,0.991345643
670,0.060198767,0.877377546
671,0.060198767,0.877377549
672,0.060198767,0.764123179
673,0.060198767,0.764123176
674,0.060198767,0.678010262
675,0.060198767,0.677745014
676,0.060198767,0.677730556
677,0.060198767,0.677716098
678,0.060198767,0.677716098
679,0.060198767,0.677367629
680,0.060198767,0.67701916
681,0.060198767,0.67701916
682,0.060198767,0.677004701
683,0.060198767,0.675931494
684,0.060198767,0.563845381
685,0.060198767,0.563813417
686,0.060198767,0.563813417
687,0.060198767,0.563813417
688,0.060198767,0.563813417
689,0.060198767,0.563813419
690,0.060198767,0.563813422
691,0.060198767,0.563813364
692,0.060198767,0.563813367
693,0.060198767,0.563813425
694,0.060198767,0.563813423
695,0.060198767,0.56381342
696,0.060198767,0.449589441
697,0.060198767,0.449589441
698,0.060198767,0.449589441
699,0.060198767,0.449589441
700,0.060198767,0.44958939
701,0.060198767,0.44958939
702,0.060198767,0.449589444
703,0.060198767,0.449589447
704,0.060198767,0.449589448
705,0.060198767,0.449589445
706,0.060198767,0.449589441
707,0.060198767,0.449589441
708,0.060198767,0.449589441
709,0.060198767,0.449589441
710,0.060198767,0.449589441
711,0.060198767,0.449589441
712,0.060198767,0.449589441
713,0.060198767,0.449589441
714,0.060198767,0.449589441
715,0.060198767,0.449589441
716,0.060198767,0.449589441
717,0.060198767,0.449589441
718,0.060198767,0.449589441
719,0.060198767,0.449589441
720,0.060198767,0.449589441
721,0.060198767,0.33633507
722,0.060198767,0.336335073
723,0.060198767,0.10318642
724,0.060198767,-0.00889969
725,0.060198767,-0.120985796
726,2.614532759,-0.119817538
727,0.060198767,-0.231903656
728,0.060198767,-0.343989771
729,2.505494131,-0.455002674
730,-1.083939718,-0.454988218
731,-1.083939718,-0.567059873
732,0.060198767,-0.800208522
733,-0.774687788,-0.911946166
734,-8.949017191,-0.864688477
735,-1.083939718,-0.864705948
736,2.505494131,-0.863632737
737,0.060198767,-0.863632742
738,-1.244729877,-0.751546633
739,2.605597138,-0.751514666
740,0.060198767,-0.751514667
741,0.060198767,-0.751514669
742,0.060198767,-0.751514666
743,0.060198767,-0.751514666
744,0.060198767,-0.751514669
745,0.060198767,-0.751514669
746,0.060198767,-0.75151467
747,0.060198767,-0.751514703
748,0.060198767,-0.751514702
749,0.060198767,-0.751514666
750,0.060198767,-0.751514666
751,0.060198767,-0.751514669
752,0.060198767,-0.751514669
753,0.060198767,-0.751514669
754,0.060198767,-0.751514667
755,0.060198767,-0.75151467
756,0.060198767,-0.751514668
757,0.060198767,-0.751514662
758,0.060198767,-0.751514664
759,0.060198767,-0.751514666
760,0.060198767,-0.751514669
761,0.060198767,-0.751514669
762,0.060198767,-0.751514669
763,0.060198767,-0.751514669
764,0.060198767,-0.751514669
765,0.060198767,-0.751514669
766,0.060198767,-0.751514666
767,0.060198767,-0.751514664
768,0.060198767,-0.751514662
769,0.060198767,-0.751514665
770,0.060198767,-0.751514669
771,0.060198767,-0.751514667
772,0.060198767,-0.751514667
773,0.060198767,-0.751514669
774,0.060198767,-0.751514666
775,0.060198767,-0.751514666
776,0.060198767,-0.751514669
777,0.060198767,-0.751514669
778,0.060198767,-0.75151467
779,0.060198767,-0.751514703
780,0.060198767,-0.751514702
781,0.060198767,-0.751514666
782,0.060198767,-0.751514666
783,0.060198767,-0.751514669
784,0.060198767,-0.751514669
785,0.060198767,-0.751514669
786,0.060198767,-0.751514667
787,0.060198767,-0.75151467
788,0.060198767,-0.751514668
789,0.060198767,-0.751514662
790,0.060198767,-0.751514664
791,0.060198767,-0.751514666
792,0.060198767,-0.751514669
793,0.060198767,-0.751514669
794,0.060198767,-0.751514669
795,0.060198767,-0.751514669
796,0.060198767,-0.751514669
797,0.060198767,-0.751514669
798,0.060198767,-0.751514666
799,0.060198767,-0.751514664
800,0.060198767,-0.751514662
801,0.060198767,-0.751514665
802,0.060198767,-0.751514669
803,0.060198767,-0.751514667
804,0.060198767,-0.751514667
805,0.060198767,-0.751514669
806,0.060198767,-0.751514666
807,0.060198767,-0.751514666
808,2.614532759,-0.638260296
809,0.060198767,-0.638260298
810,0.060198767,-0.638260299
811,2.505494131,-0.637187122
812,-1.083939718,-0.637172666
813,-1.083939718,-0.637158172
814,0.060198767,-0.637158172
815,-1.083939718,-0.637143716
816,-1.083939718,-0.637129258
817,-1.083939718,-0.6371148
818,-1.083939718,-0.750354712
819,-1.083939718,-0.750340258
820,1.749257076,-0.836187924
821,-1.083939718,-0.837246664
822,-1.244729877,-0.725175007
823,2.605597138,-0.725157503
824,0.060198767,-0.725171961
825,0.060198767,-0.72518642
826,0.060198767,-0.725200881
827,0.060198767,-0.725215339
828,0.060198767,-0.725229797
829,0.060198767,-0.725244255
830,0.060198767,-0.726317463
831,0.060198767,-0.72631746
832,0.060198767,-0.726349421
833,0.060198767,-0.726349426
834,0.060198767,-0.72634943
835,0.060198767,-0.726349425
836,0.060198767,-0.726349424
837,0.060198767,-0.726349427
838,0.060198767,-0.726349424
839,0.060198767,-0.726349424
840,0.060198767,-0.726349427
841,0.060198767,-0.726349427
842,0.060198767,-0.726349428
843,0.060198767,-0.726349461
844,0.060198767,-0.72634946
845,0.060198767,-0.726349424
846,0.060198767,-0.726349424
847,0.060198767,-0.726349427
848,0.060198767,-0.726349427
849,0.060198767,-0.726349427
850,0.060198767,-0.726349427
851,0.060198767,-0.726349431
852,0.060198767,-0.726349431
853,0.060198767,-0.726349425
854,0.060198767,-0.726349422
855,0.060198767,-0.726349424
856,0.060198767,-0.726349424
857,0.060198767,-0.726349424
858,0.060198767,-0.726349427
859,0.060198767,-0.726349427
860,0.060198767,-0.726349427
861,0.060198767,-0.726349427
862,0.060198767,-0.726349427
863,0.060198767,-0.726349424
864,0.060198767,-0.944894808
865,0.060198767,-0.944894814
866,0.060198767,-0.944894814
867,0.060198767,-0.944894808
868,0.060198767,-0.944894808
869,0.060198767,-0.944894811
870,0.060198767,-0.944894808
871,0.060198767,-0.944894808
872,0.060198767,-0.944894811
873,0.060198767,-0.944894811
874,0.060198767,-0.944894812
875,0.060198767,-0.944894845
876,0.060198767,-0.944894844
877,0.060198767,-0.944894808
878,0.060198767,-0.944894808
879,0.060198767,-0.944894811
880,0.060198767,-0.944894811
881,0.060198767,-0.944894811
882,0.060198767,-0.944894811
883,0.060198767,-0.944894814
884,0.060198767,-0.944894815
885,0.060198767,-0.944894809
886,0.060198767,-0.944894806
887,0.060198767,-0.944894808
888,0.060198767,-0.944894808
889,0.060198767,-0.944894808
890,0.060198767,-0.944894811
891,0.060198767,-0.944894811
892,0.060198767,-0.944894811
893,0.060198767,-0.944894811
894,0.060198767,-0.944894811
895,0.060198767,-0.944894808
896,0.060198767,-0.944894808
897,0.060198767,-0.944894814
898,0.060198767,-0.944894814
899,0.060198767,-0.944894808
900,0.060198767,-0.944894808
901,0.060198767,-0.944894811
902,0.060198767,-0.944894808
903,0.060198767,-0.944894808
904,0.060198767,-0.944894811
905,0.060198767,-0.944894811
906,0.060198767,-0.944894812
907,0.060198767,-0.944894845
908,0.060198767,-0.944894844
909,0.060198767,-0.944894808
910,0.060198767,-0.944894808
911,0.060198767,-0.944894811
912,0.060198767,-0.944894811
913,0.060198767,-0.944894811
914,0.060198767,-0.944894811
915,0.060198767,-1.17733135
916,0.060198767,-1.288109883
917,2.614532759,-1.174855508
918,0.060198767,-1.175928717
919,2.505494131,-1.174869968
920,-1.083939718,-1.174869968
921,-1.083939718,-1.174869968
922,-1.083939718,-1.174855512
923,-1.083939718,-1.174855512
924,-1.083939718,-1.174841054
925,-1.083939718,-1.174841054
926,-1.083939718,-1.174841054
927,2.505494131,-1.174841051
928,-1.083939718,-1.174841054
929,0.060198767,-1.174873022
930,2.605597138,-1.174841055
931,0.060198767,-1.174841049
932,0.060198767,-1.174841049
933,0.060198767,-1.174841051
934,0.060198767,-1.174841051
935,0.060198767,-1.174841051
936,0.060198767,-1.174841054
937,0.060198767,-1.174841054
938,0.060198767,-1.174841055
939,0.060198767,-1.174841088
940,0.060198767,-1.174841084
941,0.060198767,-1.174841049
942,0.060198767,-1.174841051
943,0.060198767,-1.174841054
944,0.060198767,-1.174841054
945,0.060198767,-1.174841054
946,0.060198767,-1.174841054
947,0.060198767,-1.174841054
948,0.060198767,-1.174841054
949,0.060198767,-1.174841052
950,0.060198767,-1.174841052
951,0.060198767,-1.174841054
952,0.060198767,-1.174841051
953,0.060198767,-1.174841051
954,0.060198767,-1.174841054
955,0.060198767,-1.174841054
956,0.060198767,-1.174841054
957,0.060198767,-1.174841054
958,0.060198767,-1.174841054
959,0.060198767,-1.174841054
960,0.060198767,-1.174841054
961,0.060198767,-1.174841057
962,0.060198767,-1.174841055
963,0.060198767,-1.174841049
964,0.060198767,-1.174841049
965,0.060198767,-1.174841051
966,0.060198767,-1.174841051
967,0.060198767,-1.174841051
968,0.060198767,-1.174841054
969,0.060198767,-1.174841054
970,0.060198767,-1.174841055
971,0.060198767,-1.174841088
972,0.060198767,-1.174841084
973,0.060198767,-1.174841049
974,0.060198767,-1.174841051
975,0.060198767,-1.174841054
976,0.060198767,-1.174841054
977,0.060198767,-1.174841054
978,0.060198767,-1.174841054
979,0.060198767,-1.174841054
980,0.060198767,-1.174841054
981,0.060198767,-1.174841052
982,0.060198767,-1.174841052
983,0.060198767,-1.174841054
984,0.060198767,-1.174841051
985,0.060198767,-1.174841051
986,0.060198767,-1.174841054
987,0.060198767,-1.174841054
988,0.060198767,-1.174841054
989,0.060198767,-1.174841054
990,0.060198767,-1.174841054
991,0.060198767,-1.174841054
992,0.060198767,-1.174841054
993,0.060198767,-1.174841057
994,0.060198767,-1.174841055
995,0.060198767,-1.174841049
996,0.060198767,-1.174841049
997,0.060198767,-1.174841051
998,0.060198767,-1.174841051
999,0.060198767,-1.174841051
1000,0.060198767,-1.174841054
1001,0.060198767,-1.174841054
1002,0.060198767,-1.174841055
1003,0.060198767,-1.174841088
1004,0.060198767,-1.174841084
1005,0.060198767,-1.174841049
1006,0.060198767,-1.174841051
1007,0.060198767,-1.174841054
1008,0.060198767,-1.174841054
1009,0.060198767,-1.174841054
1010,0.060198767,-1.174841054
1011,0.060198767,-1.174841054
1012,0.060198767,-1.174841054
1013,0.060198767,-1.174841052
1014,2.614532759,-1.061586678
1015,0.060198767,-1.061586683
1016,2.505494131,-1.060513471
1017,-1.083939718,-1.060499015
1018,-1.083939718,-1.06048456
1019,-1.083939718,-1.060470101
1020,-1.083939718,-1.060455643
1021,-1.083939718,-1.060441185
1022,-1.083939718,-1.060426727
1023,-1.083939718,-1.060412268
1024,-1.083939718,-1.06039781
1025,-1.083939718,-1.060383355
1026,2.505494131,-1.059310143
1027,-1.244729877,-1.060478398
1028,2.605597138,-1.060446433
1029,0.060198767,-1.060446433
1030,0.060198767,-1.061519643
1031,0.060198767,-1.061534104
1032,0.060198767,-1.061548562
1033,0.060198767,-1.061548562
1034,0.060198767,-1.061897031
1035,0.060198767,-1.221240862
1036,0.060198767,-1.221255318
1037,0.060198767,-1.222328525
1038,0.060198767,-1.222328527
1039,0.060198767,-1.334414637
1040,0.060198767,-1.334446602
1041,0.060198767,-1.334446604
1042,0.060198767,-1.334446604
1043,0.060198767,-1.334446604
1044,0.060198767,-1.334446604
1045,0.060198767,-1.334446602
1046,0.060198767,-1.334446602
1047,0.060198767,-1.334446604
1048,0.060198767,-1.334446602
1049,0.060198767,-1.334446602
1050,0.060198767,-1.334446605
1051,0.060198767,-1.334446605
1052,0.060198767,-1.334446605
1053,0.060198767,-1.334446605
1054,0.060198767,-1.334446605
1055,0.060198767,-1.334446605
1056,0.060198767,-1.334446605
1057,0.060198767,-1.334446608
1058,0.060198767,-1.334446605
1059,0.060198767,-1.3344466
1060,0.060198767,-1.334446599
1061,0.060198767,-1.334446599
1062,2.614532759,-1.221192229
1063,0.060198767,-1.221192234
1064,-3.979059053,-1.102768335
1065,2.505494131,-1.101695123
1066,0.060198767,-1.101695126
1067,-1.083939718,-1.101680667
1068,-1.083939718,-1.101666206
1069,-1.083939718,-1.101651748
1070,0.060198767,-1.101651751
1071,-1.083939718,-1.10163729
1072,-1.083939718,-1.101622831
1073,1.749257076,-1.10135759
1074,-1.083939718,-1.101343129
1075,0.060198767,-1.101343126
1076,2.605597138,-1.101311162
1077,0.060198767,-1.101311164
1078,0.060198767,-1.101311162
1079,0.060198767,-1.101311162
1080,0.060198767,-1.101311162
1081,0.060198767,-1.101311162
1082,0.060198767,-1.101311164
1083,0.060198767,-1.101311164
1084,0.060198767,-1.101311164
1085,0.060198767,-1.101311164
1086,0.060198767,-1.101311167
1087,0.060198767,-1.101311167
1088,0.060198767,-1.101311164
1089,0.060198767,-1.101311167
1090,0.060198767,-1.101311165
1091,0.060198767,-1.101311159
1092,0.060198767,-1.101311159
1093,0.060198767,-1.101311159
1094,0.060198767,-1.101311162
1095,0.060198767,-1.101311164
1096,0.060198767,-1.101311164
1097,0.060198767,-1.101311164
1098,0.060198767,-1.101311164
1099,0.060198767,-1.101311164
1100,0.060198767,-1.101311162
1101,0.060198767,-1.101311162
1102,0.060198767,-1.101311164
1103,0.060198767,-1.101311161
1104,0.060198767,-1.101311161
1105,0.060198767,-1.101311164
1106,0.060198767,-1.101311164
1107,0.060198767,-1.101311162
1108,0.060198767,-1.101311162
1109,0.060198767,-1.214565538
1110,0.060198767,-1.214565535
1111,0.060198767,-1.214565532
1112,2.614532759,-1.102384369
1113,-1.083939718,-1.102384371
1114,1.749257076,-1.102133585
1115,-1.083939718,-1.102119124
1116,-1.083939718,-1.102119124
1117,-1.083939718,-1.102119124
1118,-0.774687788,-1.101785117
1119,-1.083939718,-1.101785116
1120,-0.774687788,-1.101451104
1121,-1.083939718,-1.101701891
1122,2.505494131,-1.100643137
1123,-1.083939718,-1.212714792
1124,-1.244729877,-1.100660644
1125,2.605597138,-1.100628676
1126,0.060198767,-1.100628679
1127,0.060198767,-1.100628688
1128,0.060198767,-1.100628688
1129,0.060198767,-1.100628685
1130,0.060198767,-1.100628685
1131,0.060198767,-1.100628686
1132,0.060198767,-1.100628683
1133,0.060198767,-1.100628683
1134,0.060198767,-1.100628686
1135,0.060198767,-1.100628679
1136,0.060198767,-1.100628679
1137,0.060198767,-1.100628684
1138,0.060198767,-1.100628684
1139,0.060198767,-1.100628682
1140,0.060198767,-1.100628682
1141,0.060198767,-1.100628687
1142,0.060198767,-1.100628684
1143,0.060198767,-1.100628682
1144,0.060198767,-1.100628684
1145,0.060198767,-1.100628684
1146,0.060198767,-1.100628684
1147,0.060198767,-1.100628684
1148,0.060198767,-1.100628684
1149,0.060198767,-1.100628684
1150,0.060198767,-1.100628688
1151,0.060198767,-1.100628688
1152,0.060198767,-1.100628684
1153,0.060198767,-1.100628684
1154,0.060198767,-1.100628682
1155,0.060198767,-1.10062868
1156,0.060198767,-1.100628679
1157,0.060198767,-1.100628677
1158,0.060198767,-1.100628679
1159,0.060198767,-1.100628688
1160,2.614532759,-0.987374314
1161,0.060198767,-0.987374314
1162,2.505494131,-0.986301104
1163,-1.083939718,-0.986286649
1164,-1.083939718,-0.986272188
1165,-1.083939718,-0.98625773
1166,-1.083939718,-0.986243275
1167,-0.774687788,-0.9858948
1168,-1.083939718,-0.985880341
1169,-1.083939718,-0.985865888
1170,-1.083939718,-0.985851429
1171,-7.138701194,-0.883679145
1172,-9.09490979,-0.797566218
1173,0.060198767,-0.797566226
1174,2.605597138,-0.797534258
1175,0.060198767,-0.797534256
1176,0.060198767,-0.797534258
1177,0.060198767,-0.797534261
1178,0.060198767,-0.797534261
1179,0.060198767,-0.797534261
1180,0.060198767,-0.797534262
1181,0.060198767,-0.797534262
1182,0.060198767,-0.797534264
1183,0.060198767,-0.797534264
1184,0.060198767,-0.797534272
1185,0.060198767,-0.797534267
1186,0.060198767,-0.797534254
1187,0.060198767,-0.797534256
1188,0.060198767,-0.797534256
1189,0.060198767,-0.797534253
1190,0.060198767,-0.797534256
1191,0.060198767,-0.797534264
1192,0.060198767,-0.797534264
1193,0.060198767,-0.797534261
1194,0.060198767,-0.797534261
1195,0.060198767,-0.797534262
1196,0.060198767,-0.797534259
1197,0.060198767,-0.797534259
1198,0.060198767,-0.797534262
1199,0.060198767,-0.797534256
1200,0.060198767,-0.797534255
1201,0.060198767,-0.797534261
1202,0.060198767,-0.797534261
1203,0.060198767,-0.797534258
1204,0.060198767,-0.797534259
1205,0.060198767,-0.797534261
1206,0.060198767,-0.797534259
1207,0.060198767,-0.797534256
1208,0.060198767,-0.797534258
1209,0.060198767,-0.797534261
1210,0.060198767,-0.797534261
1211,0.060198767,-0.797534261
1212,0.060198767,-0.797534262
1213,0.060198767,-0.797534262
1214,0.060198767,-0.797534264
1215,0.060198767,-0.797534264
1216,0.060198767,-0.797534272
1217,0.060198767,-0.797534267
1218,0.060198767,-0.910788627
1219,0.060198767,-0.910788629
1220,0.060198767,-0.911861836
1221,0.060198767,-0.911876292
1222,-3.291089121,-0.623833728
1223,0.060198767,-0.623848209
1224,0.060198767,-0.623862668
1225,0.060198767,-0.623877123
1226,0.060198767,-0.623891581
1227,0.060198767,-0.62390604
1228,0.060198767,-0.624979248
1229,0.060198767,-0.624993706
1230,0.060198767,-0.624993706
1231,0.060198767,-0.625025664
1232,0.060198767,-0.625025664
1233,0.060198767,-0.625025669
1234,0.060198767,-0.625025669
1235,0.060198767,-0.625025652
1236,0.060198767,-0.625025652
1237,0.060198767,-0.625025669
1238,0.060198767,-0.625025667
1239,0.060198767,-0.625025664
1240,0.060198767,-0.625025666
1241,0.060198767,-0.625025669
1242,0.060198767,-0.625025669
1243,0.060198767,-0.625025669
1244,0.060198767,-0.62502567
1245,0.060198767,-0.62502567
1246,0.060198767,-0.625025672
1247,0.060198767,-0.625025672
1248,0.060198767,-0.62502568
1249,0.060198767,-0.625025675
1250,0.060198767,-0.625025664
1251,0.060198767,-0.625025667
1252,0.060198767,-0.625025667
1253,0.060198767,-0.625025664
1254,0.060198767,-0.625025664
1255,0.060198767,-0.625025672
1256,0.060198767,-0.625025672
1257,2.614532759,-0.511771296
1258,0.060198767,-0.511771298
1259,-3.979059053,-0.393347401
1260,2.505494131,-0.392274189
1261,-1.083939718,-0.392259733
1262,-9.09490979,-0.306146817
1263,0.060198767,-0.306146816
1264,-1.083939718,-0.306132357
1265,-1.083939718,-0.306117904
1266,-1.083939718,-0.306103446
1267,-1.083939718,-0.306088971
1268,-7.138701194,-0.203916689
1269,-9.09490979,-0.117803779
1270,-1.244729877,-0.005717666
1271,2.605597138,-0.005685699
1272,0.060198767,-0.005685707
1273,0.060198767,-0.005685707
1274,0.060198767,-0.005685704
1275,0.060198767,-0.005685702
1276,0.060198767,-0.005685703
1277,0.060198767,-0.005685708
1278,0.060198767,-0.00568571
1279,0.060198767,-0.00568571
1280,0.065479238,0.108394257
1281,0.060198767,0.108394251
1282,0.060198767,0.108394267
1283,0.060198767,0.108394276
1284,0.060198767,0.108394271
1285,0.060198767,0.108394273
1286,0.060198767,0.108394273
1287,0.060198767,0.108394265
1288,0.060198767,0.108394265
1289,0.060198767,0.108394268
1290,0.060198767,0.108394268
1291,2.614532759,0.22164864
1292,0.060198767,0.221648638
1293,-9.09490979,0.307761554
1294,2.505494131,0.308834759
1295,-1.083939718,0.30884922
1296,-1.083939718,0.308863679
1297,-1.083939718,0.308878132
1298,-1.083939718,0.30889259
1299,-1.083939718,0.308907065
1300,2.505494131,0.309980275
1301,-1.083939718,0.309994713
1302,-1.244729877,0.422080831
1303,2.605597138,0.422112799
1304,0.060198767,0.422112793
1305,0.060198767,0.422112793
1306,0.060198767,0.422112798
1307,0.060198767,0.422112803
1308,0.060198767,0.422112797
1309,0.060198767,0.422112789
1310,0.060198767,0.422112787
1311,0.060198767,0.422112787
1312,0.060198767,0.422112779
1313,0.060198767,0.422112776
1314,0.060198767,0.422112792
1315,0.060198767,0.308858425
1316,0.060198767,0.30885842
1317,0.060198767,0.307785215
1318,0.060198767,0.307770757
1319,0.060198767,0.307756293
1320,0.060198767,0.307741835
1321,0.060198767,0.30772738
1322,0.060198767,0.307712921
1323,0.060198767,0.307698462
1324,0.060198767,0.307684004
1325,0.060198767,0.307669546
1326,0.060198767,0.307655088
1327,0.060198767,0.306581884
1328,0.060198767,0.194495771
1329,0.060198767,0.194463804
1330,0.060198767,0.194463804
1331,0.060198767,0.194463821
1332,0.060198767,0.194463821
1333,0.060198767,0.194463804
1334,0.060198767,0.194463809
1335,0.060198767,0.194463812
1336,0.060198767,0.194463807
1337,0.060198767,0.194463806
1338,0.060198767,0.194463812
1339,0.060198767,0.194463817
1340,0.060198767,0.194463811
1341,0.060198767,0.194463803
1342,0.060198767,0.194463801
1343,0.060198767,0.194463801
1344,0.060198767,0.194463793
1345,0.060198767,0.19446379
1346,0.060198767,0.194463806
1347,0.060198767,0.194463809
1348,0.060198767,0.194463805
1349,0.060198767,0.194463807
1350,0.060198767,0.194463806
1351,0.060198767,0.194463801
1352,0.060198767,0.194463801
1353,0.060198767,0.194463804
1354,0.060198767,0.194463804
1355,0.060198767,0.194463803
1356,0.060198767,0.194463803
1357,0.060198767,0.194463803
1358,0.060198767,0.194463803
1359,0.060198767,0.194463807
1360,0.060198767,0.194463807
1361,0.060198767,0.194463804
1362,0.060198767,0.194463804
1363,0.060198767,0.081209448
1364,0.060198767,0.081209448
1365,0.060198767,-0.037214465
1366,0.060198767,-0.03828767
1367,0.060198767,-0.03828767
1368,0.060198767,-0.038302131
1369,0.060198767,-0.038316589
1370,0.060198767,-0.038331042
1371,0.060198767,-0.038331037
1372,0.060198767,-0.038345501
1373,0.060198767,-0.038359967
1374,0.060198767,-0.038625214
1375,0.060198767,-0.038639672
1376,0.060198767,-0.038639683
1377,0.060198767,-0.038671651
1378,0.060198767,-0.038671635
1379,0.060198767,-0.038671631
1380,0.060198767,-0.038671636
1381,0.060198767,-0.038671633
1382,0.060198767,-0.038671634
1383,0.060198767,-0.038671639
1384,0.060198767,-0.038671639
1385,0.060198767,-0.038671636
1386,0.060198767,-0.038671636
1387,2.614532759,0.074582736
1388,0.060198767,0.074582734
1389,-1.083939718,0.074597192
1390,2.505494131,0.075670402
1391,-1.083939718,0.075684861
1392,-1.083939718,0.075699319
1393,-1.083939718,0.075713775
1394,-1.083939718,0.075728233
1395,-0.692601792,0.305353298
1396,-1.083939718,0.305367762
1397,-1.083939718,0.305382208
1398,2.505494131,0.30645542
1399,-1.244729877,0.418541531
1400,2.605597138,0.418573495
1401,0.060198767,0.418573495
1402,0.060198767,0.418573497
1403,0.060198767,0.418573505
1404,0.060198767,0.418573499
1405,0.060198767,0.418573489
1406,0.060198767,0.41857349
1407,0.060198767,0.41857349
1408,0.060198767,0.418573473
1409,0.060198767,0.418573469
1410,0.060198767,0.418573491
1411,0.060198767,0.418573498
1412,0.060198767,0.418573493
1413,0.060198767,0.30531912
1414,0.060198767,0.305304661
1415,0.060198767,0.305039413
1416,0.060198767,0.305024955
1417,0.060198767,0.305010497
1418,0.060198767,0.304996039
1419,0.060198767,0.30464757
1420,0.060198767,0.304633111
1421,0.060198767,0.304284643
1422,0.060198767,0.304270184
1423,0.060198767,0.303196977
1424,0.060198767,0.303182519
1425,0.060198767,0.191096406
1426,0.060198767,0.191064442
1427,0.060198767,0.191064456
1428,0.060198767,0.191064456
1429,0.060198767,0.191064444
1430,0.060198767,0.191064446
1431,0.060198767,0.191064447
1432,0.060198767,0.191064447
1433,0.060198767,0.191064446
1434,0.060198767,0.191064449
1435,0.060198767,0.191064457
1436,0.060198767,0.191064451
1437,0.060198767,0.19106444
1438,0.060198767,0.191064441
1439,0.060198767,0.191064441
1440,0.060198767,0.191064425
1441,0.060198767,0.191064421
1442,0.060198767,0.191064443
1443,0.060198767,0.19106445
1444,0.060198767,0.191064445
1445,0.060198767,0.191064442
1446,0.060198767,0.191064442
1447,0.060198767,0.191064442
1448,0.060198767,0.191064442
1449,0.060198767,0.191064442
1450,0.060198767,0.191064442
1451,0.060198767,0.191064442
1452,0.060198767,0.191064442
1453,0.060198767,0.191064442
1454,0.060198767,0.191064442
1455,0.060198767,0.191064442
1456,0.060198767,0.191064442
1457,0.060198767,0.191064442
1458,0.060198767,0.191064442
1459,0.060198767,0.191064456
1460,0.060198767,0.191064456
1461,0.060198767,0.077810071
1462,0.060198767,0.077810073
1463,0.060198767,0.076736866
1464,0.060198767,0.076722408
1465,0.060198767,0.076707952
1466,0.060198767,0.076693496
1467,0.060198767,0.076679046
1468,0.060198767,0.076330572
1469,0.060198767,0.076316103
1470,0.060198767,0.076301645
1471,0.060198767,0.076287187
1472,0.060198767,-0.025885112
1473,0.060198767,-0.111998032
1474,0.060198767,-0.111998021
1475,0.060198767,-0.112029974
1476,0.060198767,-0.112029978
1477,0.060198767,-0.112029981
1478,0.060198767,-0.112029982
1479,0.060198767,-0.112029982
1480,-2.193902733,-0.014380559
1481,0.060198767,-0.014380561
1482,0.060198767,-0.014380561
1483,0.060198767,-0.014380561
1484,0.060198767,-0.014380561
1485,0.060198767,-0.014380561
1486,0.060198767,-0.014380561
1487,0.060198767,-0.014380561
1488,0.060198767,-0.014380561
1489,0.060198767,-0.014380561
1490,0.060198767,-0.014380561
1491,0.060198767,-0.014380546
1492,0.060198767,-0.014380546
1493,0.060198767,-0.014380559
1494,0.060198767,-0.014380557
1495,1.707942583,0.317098209
1496,0.060198767,0.317098226
1497,0.060198767,0.317098228
1498,2.505494131,0.318171441
1499,-1.083939718,0.318185904
1500,-1.083939718,0.318200358
1501,-0.774687788,0.318548815
1502,-0.774687788,0.318897284
1503,-1.083939718,0.318911743
1504,-1.083939718,0.318926196
1505,0.060198767,0.318926188
1506,2.505494131,0.319999408
1507,-1.083939718,0.320013875
1508,-1.244729877,0.432099966
1509,2.548944135,0.656138476
1510,0.060198767,0.656138494
1511,0.060198767,0.656138496
1512,0.060198767,0.656138496
1513,0.060198767,0.656138494
1514,0.060198767,0.656138493
1515,0.060198767,0.656138491
1516,0.060198767,0.656138493
1517,0.060198767,0.656138494
1518,0.060198767,0.656138494
1519,0.060198767,0.656138496
1520,0.060198767,0.656138496
1521,0.060198767,0.656138494
1522,0.060198767,0.656138492
1523,0.060198767,0.368081485
1524,0.060198767,0.368081486
1525,0.060198767,0.368081488
1526,0.060198767,0.36808149
1527,0.060198767,0.368081488
1528,0.060198767,0.368081488
1529,0.060198767,0.368081491
1530,0.060198767,0.368081494
1531,0.060198767,0.368081501
1532,0.060198767,0.368081496
1533,0.060198767,0.368081486
1534,0.060198767,0.368081486
1535,0.060198767,0.368081486
1536,0.060198767,0.36808148
1537,0.060198767,0.368081472
1538,0.060198767,0.368081482
1539,0.060198767,0.368081494
1540,0.060198767,0.368081472
1541,0.060198767,0.368081469
1542,0.060198767,0.368081486
1543,0.060198767,0.368081489
1544,0.060198767,0.368081489
1545,0.060198767,0.368081486
1546,0.060198767,0.368081485
1547,0.060198767,0.368081484
1548,0.060198767,0.368081485
1549,0.060198767,0.368081486
1550,0.060198767,0.368081486
1551,0.060198767,0.368081489
1552,0.060198767,0.368081489
1553,0.060198767,0.368081486
1554,0.060198767,0.368081485
1555,0.060198767,0.368081485
1556,0.060198767,0.368081486
1557,0.060198767,0.368081488
1558,0.060198767,0.254827117
1559,0.060198767,0.254827115
1560,0.060198767,0.136403219
1561,0.060198767,0.135330012
1562,0.060198767,0.135315554
1563,0.060198767,0.049202648
1564,0.060198767,0.049202643
1565,0.060198767,0.04918818
1566,0.060198767,0.049173721
1567,0.060198767,0.049159263
1568,0.060198767,0.049144799
1569,0.060198767,-0.053027491
1570,0.060198767,-0.139140397
1571,0.060198767,-0.251226509
1572,0.060198767,-0.25125849
1573,0.060198767,-0.251258493
1574,0.060198767,-0.251258476
1575,0.060198767,-0.251258474
1576,0.060198767,-0.251258474
1577,0.060198767,-0.251258476
1578,0.060198767,-0.251258477
1579,0.060198767,-0.251258478
1580,0.060198767,-0.251258477
1581,0.060198767,-0.365338451
1582,0.060198767,-0.365338451
1583,0.060198767,-0.365338448
1584,0.060198767,-0.365338448
1585,0.060198767,-0.365338451
1586,0.060198767,-0.365338452
1587,0.060198767,-0.365338452
1588,0.060198767,-0.365338451
1589,0.060198767,-0.36533845
1590,0.060198767,-0.36533845
1591,0.060198767,-0.365338451
1592,2.205534956,0.074784845
1593,0.060198767,0.074784856
1594,2.505494131,-0.010254847
1595,-1.083939718,-0.011313596
1596,-1.083939718,-0.011313596
1597,-1.083939718,-0.011313599
1598,-1.083939718,-0.011313599
1599,-1.083939718,-0.011313599
1600,-1.083939718,-0.011313605
1601,-1.083939718,-0.012372353
1602,-1.083939718,-0.012372348
1603,-7.138701194,-0.022286175
1604,-9.09490979,0.06379477
1605,-1.244729877,0.175880864
1606,2.605597138,0.175912846
1607,0.060198767,0.175912862
1608,0.060198767,0.175912862
1609,0.060198767,0.175912857
1610,0.060198767,0.175912856
1611,0.060198767,0.175912855
1612,0.060198767,0.175912856
1613,0.060198767,0.175912857
1614,0.060198767,0.175912857
1615,0.060198767,0.175912859
1616,0.060198767,0.175912848
1617,0.060198767,0.175912851
1618,0.060198767,0.175912861
1619,0.060198767,0.175912856
1620,0.060198767,0.175912857
1621,0.060198767,0.175912858
1622,0.060198767,0.175912858
1623,0.060198767,0.175912857
1624,0.060198767,0.175912859
1625,0.060198767,0.175912859
1626,0.060198767,0.175912857
1627,0.060198767,0.175912859
1628,0.060198767,0.175912859
1629,0.060198767,0.175912857
1630,0.060198767,0.175912857
1631,0.060198767,0.175912857
1632,0.060198767,0.175912851
1633,0.060198767,0.175912851
1634,0.060198767,0.175912857
1635,0.060198767,0.175912859
1636,0.060198767,0.175912842
1637,0.060198767,0.175912829
1638,0.060198767,0.175912846
1639,0.060198767,0.175912862
1640,0.060198767,0.175912862
1641,0.060198767,0.175912857
1642,0.060198767,0.175912856
1643,2.614532759,0.289167228
1644,0.060198767,0.289167226
1645,0.060198767,0.289167227
1646,2.505494131,0.290240437
1647,0.060198767,0.290240437
1648,-1.083939718,0.290254884
1649,0.060198767,0.290254887
1650,-1.083939718,0.290269355
1651,-1.083939718,0.290283808
1652,-1.083939718,0.290298268
1653,-1.083939718,0.290312727
1654,-1.083939718,0.290327186
1655,2.505494131,0.291400394
1656,-1.083939718,0.291414854
1657,-1.244729877,0.403500967
1658,2.548944135,0.627539475
1659,0.060198767,0.627539481
1660,0.060198767,0.627539481
1661,0.060198767,0.627539476
1662,0.060198767,0.627539476
1663,0.060198767,0.627539476
1664,0.060198767,0.62753947
1665,0.060198767,0.62753947
1666,0.060198767,0.627539476
1667,0.060198767,0.627539479
1668,0.060198767,0.627539464
1669,0.060198767,0.627539451
1670,0.060198767,0.627539465
1671,0.060198767,0.62753948
1672,0.060198767,0.62753948
1673,0.060198767,0.627539476
1674,0.060198767,0.627539475
1675,0.060198767,0.627539474
1676,0.060198767,0.627539475
1677,0.060198767,0.627539476
1678,0.060198767,0.627539476
1679,0.060198767,0.627539479
1680,0.060198767,0.627539467
1681,0.060198767,0.62753947
1682,0.060198767,0.62753948
1683,0.060198767,0.627539475
1684,0.060198767,0.627539476
1685,0.060198767,0.627539477
1686,0.060198767,0.627539477
1687,0.060198767,0.627539476
1688,0.060198767,0.514285107
1689,0.060198767,0.514285107
1690,2.205534956,1.067648312
1691,0.060198767,1.066575118
1692,-9.09490979,1.152673576
1693,2.505494131,1.15373232
1694,0.060198767,1.153717859
1695,-1.083939718,1.153717859
1696,0.060198767,0.924092803
1697,-1.083939718,0.924092803
1698,-1.083939718,0.924092803
1699,0.060198767,0.923019596
1700,-1.083939718,0.810947927
1701,2.505494131,0.811989161
1702,0.060198767,0.811989173
1703,0.060198767,0.811989177
1704,2.605597138,0.812021142
1705,0.060198767,0.812021153
1706,0.060198767,0.812021155
1707,0.060198767,0.812021149
1708,0.060198767,0.812021147
1709,0.060198767,0.812021148
1710,0.060198767,0.812021148
1711,0.060198767,0.812021151
1712,0.060198767,0.81202114
1713,0.060198767,0.812021142
1714,0.060198767,0.812021155
1715,0.060198767,0.81202115
1716,0.060198767,0.812021148
1717,0.060198767,0.81202115
1718,0.060198767,0.81202115
1719,0.060198767,0.812021148
1720,0.060198767,0.812021151
1721,0.060198767,0.812021151
1722,0.060198767,0.812021148
1723,0.060198767,0.812021151
1724,0.060198767,0.812021151
1725,0.060198767,0.812021148
1726,0.060198767,0.812021148
1727,0.060198767,0.812021148
1728,0.060198767,0.812021148
1729,0.060198767,0.812021148
1730,0.060198767,0.812021148
1731,0.060198767,0.812021148
1732,0.060198767,0.812021134
1733,0.060198767,0.812021123
1734,0.060198767,0.812021137
1735,0.060198767,0.812021142
1736,0.060198767,0.812021141
1737,0.060198767,0.812021153
1738,0.060198767,0.812021155
1739,0.060198767,0.812021149
1740,0.060198767,0.812021147
1741,0.060198767,0.812021148
1742,0.060198767,0.812021148
1743,0.060198767,0.812021151
1744,0.060198767,0.81202114
1745,0.060198767,0.812021142
1746,0.060198767,0.812021155
1747,0.060198767,0.81202115
1748,0.060198767,0.812021148
1749,-3.886904084,1.044457686
1750,2.551823067,1.155236222
1751,0.060198767,1.155236221
1752,-9.09490979,1.241349139
1753,2.505494131,1.242422344
1754,-1.083939718,1.242436797
1755,-1.083939718,1.242451258
1756,-1.083939718,1.242465716
1757,-1.083939718,1.242480172
1758,-1.083939718,1.24249463
1759,-7.138704839,1.344666912
1760,-9.09490979,1.430779839
1761,-1.244729877,1.542865947
1762,2.605597138,1.542897908
1763,0.060198767,1.542897907
1764,0.060198767,1.542897897
1765,0.060198767,1.542897891
1766,0.060198767,1.542897908
1767,0.060198767,1.542897907
1768,0.060198767,1.542897904
1769,0.060198767,1.542897916
1770,0.060198767,1.542897918
1771,0.060198767,1.542897912
1772,0.060198767,1.542897899
1773,0.060198767,1.542897905
1774,0.060198767,1.542897916
1775,0.060198767,1.542897914
1776,0.060198767,1.542897903
1777,0.060198767,1.542897905
1778,0.060198767,1.542897918
1779,0.060198767,1.542897913
1780,0.060198767,1.542897911
1781,0.060198767,1.445248491
1782,0.060198767,1.445248491
1783,0.060198767,1.44524849
1784,0.060198767,1.445248493
1785,0.060198767,1.445248493
1786,0.060198767,1.44524849
1787,0.060198767,1.445248493
1788,0.060198767,1.445248493
1789,0.060198767,1.44524849
1790,0.060198767,1.44524849
1791,0.060198767,1.44524849
1792,0.060198767,1.44524849
1793,0.060198767,1.44524849
1794,0.060198767,1.445248487
1795,0.060198767,1.445248487
1796,0.060198767,1.113769708
1797,0.060198767,1.113769702
1798,0.060198767,1.113769702
1799,0.060198767,1.112696492
1800,0.060198767,1.112682031
1801,0.060198767,1.112667587
1802,0.060198767,1.112319121
1803,0.058183515,1.225938799
1804,0.058857695,1.340148302
1805,0.060198767,1.340133849
1806,0.060198767,1.34013386
1807,0.060198767,1.339060648
1808,0.058183515,1.453014331
1809,0.060198767,1.340928223
1810,0.060198767,1.116889723
1811,0.060198767,1.116889718
1812,0.060198767,1.116889715
1813,0.060198767,1.116889715
1814,0.060198767,1.116889715
1815,0.060198767,1.116889715
1816,0.060198767,1.116889719
1817,0.060198767,1.116889718
1818,0.060198767,1.116889715
1819,0.060198767,1.116889718
1820,0.060198767,1.116889718
1821,0.060198767,1.116889716
1822,0.060198767,1.116889716
1823,0.060198767,1.116889715
1824,0.060198767,1.116889715
1825,0.060198767,1.116889715
1826,0.060198767,1.116889712
1827,0.060198767,1.116889711
1828,0.060198767,1.116889718
1829,0.060198767,1.116889712
1830,0.060198767,1.116889712
1831,0.060198767,1.116889708
1832,0.060198767,1.116889706
1833,0.060198767,1.11688972
1834,0.058857695,1.231113698
1835,0.060198767,1.231113694
1836,0.060198767,1.23111368
1837,0.060198767,1.231113685
1838,0.060198767,1.231113696
1839,0.060198767,1.231113691
1840,0.060198767,1.23111368
1841,0.060198767,1.231113685
1842,0.060198767,1.231113699
1843,0.060198767,1.231113694
1844,0.060198767,1.231113691
1845,0.060198767,1.231113691
1846,0.060198767,1.231113691
1847,0.060198767,1.23111369
1848,2.614532759,1.344368067
1849,0.060198767,1.344368065
1850,-1.083939718,1.344382519
1851,2.505494131,1.345455733
1852,-1.083939718,1.345470188
1853,-1.083939718,1.345484645
1854,-1.083939718,1.345499103
1855,-0.774687788,1.34584757
1856,-1.083939718,1.345862029
1857,-0.774687788,1.346210497
1858,-1.083939718,1.346224953
1859,2.505494131,1.347298163
1860,-1.244729877,1.459384279
1861,0.060198767,1.459384275
1862,2.605597138,1.45941624
1863,0.060198767,1.459416234
1864,0.060198767,1.459416234
1865,0.060198767,1.459416248
1866,0.060198767,1.459416248
1867,0.060198767,1.459416243
1868,0.060198767,1.459416228
1869,0.060198767,1.459416233
1870,0.060198767,1.459416245
1871,0.060198767,1.45941624
1872,0.060198767,1.459416232
1873,0.060198767,1.459416237
1874,0.060198767,1.459416249
1875,0.060198767,1.459416244
1876,0.060198767,1.459416241
1877,0.060198767,1.459416241
1878,0.060198767,1.459416241
1879,0.060198767,1.45941624
1880,0.060198767,1.459416244
1881,0.060198767,1.459416244
1882,0.060198767,1.45941624
1883,0.060198767,1.459416243
1884,0.060198767,1.459416243
1885,0.060198767,1.459416242
1886,0.060198767,1.459416242
1887,0.060198767,1.459416241
1888,0.060198767,1.459416241
1889,0.060198767,1.459416241
1890,0.060198767,1.459416237
1891,0.060198767,1.459416237
1892,0.060198767,1.459416243
1893,0.060198767,0.906038575
1894,0.060198767,0.906038575
1895,0.060198767,0.904965348
1896,2.614532759,1.018205263
1897,0.060198767,1.01819082
1898,-9.09490979,1.104289277
1899,2.505494131,1.105348019
1900,-1.083939718,1.105348001
1901,-1.083939718,1.105348006
1902,-1.083939718,1.105348017
1903,-1.083939718,1.105348013
1904,-1.083939718,1.003190181
1905,-1.083939718,0.917091729
1906,-1.083939718,0.805020074
1907,-1.083939718,0.805002568
1908,2.505494131,0.806075775
1909,-1.244729877,0.918161888
1910,2.605597138,0.918193852
1911,0.060198767,0.918193854
1912,0.060198767,0.91819386
1913,0.060198767,0.918193855
1914,0.060198767,0.918193849
1915,0.060198767,0.918193852
1916,0.060198767,0.918193852
1917,0.060198767,0.918193851
1918,0.060198767,0.918193851
1919,0.060198767,0.918193849
1920,0.060198767,0.918193849
1921,0.060198767,0.918193852
1922,0.060198767,0.918193849
1923,0.060198767,0.918193846
1924,0.060198767,0.918193852
1925,0.060198767,0.91819386
1926,0.060198767,0.91819386
1927,0.060198767,0.91819384
1928,0.060198767,0.91819384
1929,0.060198767,0.918193857
1930,0.060198767,0.918193857
1931,0.060198767,0.918193852
1932,0.060198767,0.918193837
1933,0.060198767,0.918193842
1934,0.060198767,0.918193853
1935,0.060198767,0.918193849
1936,0.060198767,0.918193852
1937,0.060198767,0.918193852
1938,0.060198767,0.918193852
1939,0.060198767,0.918193852
1940,0.060198767,0.91819385
1941,0.060198767,0.918193852
1942,0.060198767,0.918193852
1943,0.060198767,0.918193854
1944,0.060198767,0.804939487
1945,0.060198767,0.804939482
1946,0.060198767,0.804939478
1947,0.060198767,0.803866272
1948,0.060198767,0.803866272
1949,0.060198767,0.803851814
1950,0.060198767,0.803851814
1951,0.060198767,0.803837355
1952,0.060198767,0.803822897
1953,0.060198767,0.803808441
1954,0.060198767,0.80379398
1955,0.060198767,0.803779519
1956,0.060198767,0.802706315
1957,0.060198767,0.802691864
1958,0.060198767,0.690605754
1959,0.060198767,0.466567222
1960,0.060198767,0.466567222
1961,0.060198767,0.466567238
1962,0.060198767,0.466567238
1963,0.060198767,0.466567233
1964,0.060198767,0.466567218
1965,0.060198767,0.466567223
1966,0.060198767,0.466567234
1967,0.060198767,0.466567229
1968,0.060198767,0.466567233
1969,0.060198767,0.466567233
1970,0.060198767,0.466567233
1971,0.060198767,0.466567233
1972,0.060198767,0.46656723
1973,0.060198767,0.466567233
1974,0.060198767,0.466567233
1975,0.060198767,0.466567235
1976,0.060198767,0.466567238
1977,0.060198767,0.466567233
1978,0.060198767,0.46656723
1979,0.060198767,0.46656723
1980,0.060198767,0.46656723
1981,0.060198767,0.466567231
1982,0.060198767,0.466567231
1983,0.060198767,0.46656723
1984,0.060198767,0.46656723
1985,0.060198767,0.466567233
1986,0.060198767,0.46656723
1987,0.060198767,0.466567227
1988,0.060198767,0.46656723
1989,0.060198767,0.466567238
1990,0.060198767,0.46656724
1991,0.060198767,-0.086810443
1992,0.060198767,-0.086810443
1993,2.614532759,-0.059668981
1994,0.060198767,-0.060742193
1995,0.060198767,-0.060742193
1996,2.505494131,-0.059683453
1997,-1.083939718,-0.059668993
1998,0.060198767,-0.05968344
1999,-1.083939718,-0.059683445
2000,-1.083939718,-0.059668983
2001,-1.083939718,-0.059668983
2002,-1.083939718,-0.060727734
2003,-1.083939718,-0.060713276
2004,-1.083939718,-0.060698818
2005,2.505494131,-0.05965757
2006,-1.083939718,-0.059643112
2007,0.060198767,-0.05964311
2008,2.605597138,-0.059611144
2009,0.060198767,-0.059611147
2010,0.060198767,-0.059611151
2011,0.060198767,-0.059611153
2012,0.060198767,-0.059611153
2013,0.060198767,-0.059611152
2014,0.060198767,-0.059611152
2015,0.060198767,-0.059611153
2016,0.060198767,-0.059611153
2017,0.060198767,-0.05961115
2018,0.060198767,-0.059611151
2019,0.060198767,-0.059611153
2020,0.060198767,-0.059611153
2021,0.060198767,-0.059611145
2022,0.060198767,-0.059611142
2023,0.060198767,-0.05961115
2024,0.060198767,-0.05961115
2025,0.060198767,-0.05961115
2026,0.060198767,-0.059611153
2027,0.060198767,-0.059611153
2028,0.060198767,-0.059611165
2029,0.060198767,-0.05961116
2030,0.060198767,-0.059611149
2031,0.060198767,-0.059611153
2032,0.060198767,-0.05961115
2033,0.060198767,-0.05961115
2034,0.060198767,-0.059611153
2035,0.060198767,-0.059611152
2036,0.060198767,-0.059611152
2037,0.060198767,-0.05961115
2038,0.060198767,-0.059611148
2039,0.060198767,-0.059611146
2040,0.060198767,-0.059611145
2041,0.060198767,-0.059611147
2042,0.060198767,-0.059611151
2043,0.060198767,-0.059611153
2044,0.060198767,-0.059611153
2045,0.060198767,-0.059611152
2046,0.060198767,-0.059611152
2047,0.060198767,-0.059611153
2048,0.060198767,-0.059611153
2049,0.060198767,-0.05961115
2050,0.060198767,-0.292047686
2051,0.060198767,-0.402826222
2052,0.060198767,-0.402826225
2053,0.060198767,-0.488939133
2054,0.060198767,-0.49001234
2055,0.060198767,-0.490026801
2056,0.060198767,-0.490041257
2057,0.060198767,-0.490055715
2058,0.060198767,-0.490070176
2059,0.060198767,-0.490084634
2060,0.060198767,-0.592256929
2061,0.060198767,-0.678369839
2062,0.060198767,-0.790455952
2063,0.060198767,-0.790487917
2064,0.060198767,-0.790487913
2065,0.060198767,-0.790487913
2066,0.060198767,-0.790487915
2067,0.060198767,-0.790487915
2068,0.060198767,-0.790487915
2069,0.060198767,-0.790487913
2070,0.060198767,-0.790487911
2071,0.060198767,-0.790487909
2072,0.060198767,-0.790487907
2073,0.060198767,-0.79048791
2074,0.060198767,-0.790487913
2075,0.060198767,-0.790487916
2076,0.060198767,-0.790487916
2077,0.060198767,-0.790487915
2078,0.060198767,-0.790487915
2079,0.060198767,-0.790487916
2080,0.060198767,-0.790487916
2081,0.060198767,-0.790487913
2082,0.060198767,-0.79048791
2083,0.060198767,-0.790487913
2084,0.060198767,-0.790487915
2085,0.060198767,-0.790487913
2086,0.060198767,-0.790487913
2087,0.060198767,-0.790487915
2088,0.060198767,-0.790487913
2089,0.060198767,-0.790487913
2090,2.614532759,-0.677233542
2091,0.060198767,-0.677233545
2092,0.060198767,-0.677233546
2093,2.505494131,-0.676160336
2094,-1.083939718,-0.67614588
2095,-1.083939718,-0.676131422
2096,-1.083939718,-0.67611696
2097,-1.083939718,-0.676102502
2098,-1.083939718,-0.676088046
2099,-1.083939718,-0.676073588
2100,-1.083939718,-0.67605913
2101,-1.083939718,-0.676044669
2102,2.505494131,-0.674971457
2103,0.060198767,-0.674971455
2104,0.060198767,-0.788939607
2105,2.605597138,-0.903131622
2106,0.060198767,-0.903131622
2107,0.060198767,-0.903131625
2108,0.060198767,-0.903131628
2109,0.060198767,-1.017099779
2110,0.060198767,-1.017099779
2111,0.060198767,-1.017099779
2112,0.060198767,-1.017099779
2113,0.060198767,-1.017099777
2114,0.060198767,-1.017099774
2115,0.060198767,-1.017099773
2116,0.060198767,-1.017099776
2117,0.060198767,-1.017099777
2118,0.060198767,-1.017099776
2119,0.060198767,-1.017099779
2120,0.060198767,-1.017099776
2121,0.060198767,-1.017099776
2122,0.060198767,-1.017099779
2123,0.060198767,-1.017099779
2124,0.060198767,-1.01709978
2125,0.060198767,-1.01709978
2126,0.060198767,-1.01709978
2127,0.060198767,-1.01709978
2128,0.060198767,-1.017099776
2129,0.060198767,-1.017099776
2130,0.060198767,-1.017099779
2131,0.060198767,-1.017099779
2132,0.060198767,-1.017099779
2133,0.060198767,-1.017099777
2134,0.060198767,-1.017099774
2135,0.060198767,-1.131323745
2136,0.060198767,-1.131323745
2137,0.060198767,-1.13132375
2138,0.060198767,-1.13132375
2139,0.060198767,-1.131323752
2140,0.060198767,-1.131323755
2141,0.060198767,-1.131323755
2142,0.060198767,-1.131323755
2143,0.060198767,-1.131323755
2144,0.060198767,-1.131323755
2145,0.060198767,-1.131323752
2146,0.060198767,-1.131323749
2147,0.060198767,-1.131323749
2148,0.060198767,-1.131323752
2149,0.060198767,-1.244578126
2150,0.060198767,-1.244578125
2151,0.060198767,-1.244592584
2152,0.060198767,-1.245665791
2153,0.060198767,-1.245680249
2154,0.060198767,-1.245694708
2155,0.060198767,-1.245709166
2156,0.060198767,-1.246057635
2157,0.060198767,-1.246072093
2158,0.060198767,-1.246420562
2159,0.060198767,-1.24643502
2160,0.060198767,-1.247508228
2161,0.060198767,-1.35959434
2162,0.060198767,-1.35959434
2163,0.060198767,-1.359626305
2164,0.060198767,-1.359626305
2165,0.060198767,-1.359626302
2166,0.060198767,-1.3596263
2167,0.060198767,-1.359626295
2168,0.060198767,-1.359626295
2169,0.060198767,-1.359626299
2170,0.060198767,-1.359626299
2171,0.060198767,-1.359626302
2172,0.060198767,-1.359626305
2173,0.060198767,-1.359626305
2174,0.060198767,-1.359626305
2175,0.060198767,-1.359626305
2176,0.060198767,-1.359626305
2177,0.060198767,-1.359626302
2178,0.060198767,-1.359626299
2179,0.060198767,-1.359626299
2180,0.060198767,-1.359626302
2181,0.060198767,-1.359626305
2182,0.060198767,-1.359626304
2183,0.060198767,-1.359626305
2184,0.060198767,-1.359626305
2185,0.060198767,-1.359626305
2186,0.060198767,-1.359626305
2187,0.060198767,-1.359626305
2188,2.614532759,-1.246371932
2189,0.060198767,-1.246371934
2190,2.505494131,-1.245298724
2191,-1.083939718,-1.245284269
2192,-1.083939718,-1.24526981
2193,-1.083939718,-1.245255352
2194,-1.083939718,-1.245240894
2195,-0.774687788,-1.244892426
2196,-1.083939718,-1.244877966
2197,-0.774687788,-1.357783869
2198,-1.083939718,-1.357769408
2199,2.505494131,-1.442809106
2200,-1.083939718,-1.44386786
2201,-3.288403333,-1.3617861
2202,0.350832391,-1.257130983
2203,0.060198767,-1.257145448
2204,0.060198767,-1.257159909
2205,0.060198767,-1.25717437
2206,0.060198767,-1.257188828
2207,0.060198767,-1.257203287
2208,0.060198767,-1.257217746
2209,0.060198767,-1.258290953
2210,0.060198767,-1.370377063
2211,0.060198767,-1.370409025
2212,0.060198767,-1.370409024
2213,0.060198767,-1.370409026
2214,0.060198767,-1.370409042
2215,0.060198767,-1.370409037
2216,0.060198767,-1.370409025
2217,0.060198767,-1.370409029
2218,0.060198767,-1.370409029
2219,0.060198767,-1.370409029
2220,0.060198767,-1.370409029
2221,0.060198767,-1.370409029
2222,0.060198767,-1.370409029
2223,0.060198767,-1.370409029
2224,0.060198767,-1.370409029
2225,0.060198767,-1.370409029
2226,0.060198767,-1.370409029
2227,0.060198767,-1.370409029
2228,0.060198767,-1.370409029
2229,0.060198767,-1.370409029
2230,0.060198767,-1.370409027
2231,0.060198767,-1.370409024
2232,0.060198767,-1.370409027
2233,0.060198767,-1.370409024
2234,0.060198767,-1.370409021
2235,0.060198767,-1.370409024
2236,0.060198767,-1.370409026
2237,0.060198767,-1.370409029
2238,0.060198767,-1.370409029
2239,0.060198767,-1.370409029
2240,0.060198767,-1.37040903
2241,0.060198767,-1.37040903
2242,0.060198767,-1.370409027
2243,0.060198767,-1.370409025
2244,0.060198767,-1.370409024
2245,0.060198767,-1.370409026
2246,0.060198767,-1.370409042
2247,0.060198767,-1.370409037
2248,0.060198767,-1.370409025
2249,0.060198767,-1.370409029
2250,0.060198767,-1.370409029
2251,0.060198767,-1.370409029
2252,0.060198767,-1.370409029
2253,0.060198767,-1.370409029
2254,0.060198767,-1.370409029
2255,0.060198767,-1.370409029
2256,0.060198767,-1.370409029
2257,0.060198767,-1.370409029
2258,0.060198767,-1.370409029
2259,0.060198767,-1.370409029
2260,0.060198767,-1.370409029
2261,0.060198767,-1.370409029
2262,0.060198767,-1.370409027
2263,0.060198767,-1.370409024
2264,0.060198767,-1.370409027
2265,0.060198767,-1.370409024
2266,0.060198767,-1.370409021
2267,0.060198767,-1.370409024
2268,0.060198767,-1.370409026
2269,0.060198767,-1.370409029
2270,0.060198767,-1.370409029
2271,0.060198767,-1.370409029
2272,0.060198767,-1.37040903
2273,0.060198767,-1.37040903
2274,0.060198767,-1.370409027
2275,0.060198767,-1.370409025
2276,0.060198767,-1.370409024
2277,0.060198767,-1.370409026
2278,0.060198767,-1.370409042
2279,0.060198767,-1.370409037
2280,0.060198767,-1.370409025
2281,0.060198767,-1.370409029
2282,0.060198767,-1.370409029
2283,0.060198767,-1.370409029
2284,0.060198767,-1.370409029
2285,2.614532759,-1.257154656
2286,0.060198767,-1.257154658
2287,2.505494131,-1.256081448
2288,-1.083939718,-1.256066993
2289,-1.083939718,-1.256052535
2290,-1.083939718,-1.256038076
2291,-1.083939718,-1.256023618
2292,-1.083939718,-1.25600916
2293,-1.083939718,-1.255994702
2294,-1.083939718,-1.369234614
2295,-1.083939718,-1.369220153
2296,2.505494131,-1.368146944
2297,-1.083939718,-1.369205695
2298,-1.244729877,-1.257134036
2299,2.605597138,-1.257102071
2300,0.060198767,-1.257116532
2301,0.060198767,-1.257130993
2302,0.060198767,-1.257145454
2303,0.060198767,-1.257159912
2304,0.060198767,-1.257174371
2305,0.060198767,-1.257188829
2306,0.060198767,-1.258262037
2307,0.060198767,-1.258276492
2308,0.060198767,-1.258276488
2309,0.060198767,-1.258308453
2310,0.060198767,-1.258308468
2311,0.060198767,-1.258308466
2312,0.060198767,-1.258308454
2313,0.060198767,-1.258308458
2314,0.060198767,-1.258308458
2315,0.060198767,-1.258308458
2316,0.060198767,-1.258308458
2317,0.060198767,-1.258308458
2318,0.060198767,-1.258308458
2319,0.060198767,-1.258308458
2320,0.060198767,-1.258308458
2321,0.060198767,-1.258308458
2322,0.060198767,-1.258308458
2323,0.060198767,-1.258308458
2324,0.060198767,-1.258308458
2325,0.060198767,-1.258308458
2326,0.060198767,-1.258308458
2327,0.060198767,-1.258308456
2328,0.060198767,-1.258308456
2329,0.060198767,-1.258308456
2330,0.060198767,-1.258308451
2331,0.060198767,-1.25830845
2332,0.060198767,-1.258308453
2333,0.060198767,-1.258308456
2334,0.060198767,-1.258308458
2335,0.060198767,-1.258308458
2336,0.060198767,-1.258308459
2337,0.060198767,-1.258308459
2338,0.060198767,-1.258308459
2339,0.060198767,-1.258308457
2340,0.060198767,-1.258308453
2341,0.060198767,-1.258308453
2342,0.060198767,-1.258308468
2343,0.060198767,-1.258308466
2344,0.060198767,-1.258308454
2345,0.060198767,-1.258308458
2346,0.060198767,-1.258308458
2347,0.060198767,-1.258308458
2348,0.060198767,-1.258308458
2349,0.060198767,-1.258308458
2350,0.060198767,-1.258308458
2351,0.060198767,-1.258308458
2352,0.060198767,-1.258308458
2353,0.060198767,-1.258308458
2354,0.060198767,-1.258308458
2355,0.060198767,-1.258308458
2356,0.060198767,-1.258308458
2357,0.060198767,-1.258308458
2358,0.060198767,-1.258308458
2359,0.060198767,-1.258308456
2360,0.060198767,-1.258308456
2361,0.060198767,-1.258308456
2362,0.060198767,-1.258308451
2363,0.060198767,-1.25830845
2364,0.060198767,-1.258308453
2365,0.060198767,-1.258308456
2366,0.060198767,-1.258308458
2367,0.060198767,-1.258308458
2368,0.060198767,-1.258308459
2369,0.060198767,-1.258308459
2370,0.060198767,-1.258308459
2371,0.060198767,-1.258308457
2372,0.060198767,-1.258308453
2373,0.060198767,-1.258308453
2374,0.060198767,-1.258308468
2375,0.060198767,-1.258308466
2376,0.060198767,-1.258308454
2377,0.060198767,-1.258308458
2378,0.060198767,-1.258308458
2379,0.060198767,-1.258308458
2380,0.060198767,-1.258308458
2381,0.060198767,-1.258308458
2382,0.060198767,-1.258308458
2383,0.060198767,-1.258308458
2384,0.060198767,-1.258308458
2385,0.060198767,-1.258308458
2386,0.060198767,-1.258308458
2387,0.060198767,-1.258308458
2388,0.060198767,-1.258308458
2389,0.060198767,-1.258308458
2390,0.060198767,-1.258308458
2391,0.060198767,-1.371562829
2392,0.060198767,-1.371562829
2393,2.614532759,-1.258308453
2394,0.060198767,-1.259381661
2395,-1.083939718,-1.25938166
2396,2.505494131,-1.258322908
2397,-1.083939718,-1.258322914
2398,-1.083939718,-1.258322917
2399,-1.083939718,-1.258322917
2400,-1.083939718,-1.258322918
2401,-1.083939718,-1.258322918
2402,-1.083939718,-1.258322918
2403,-1.083939718,-1.259381666
2404,1.749257076,-1.259116418
2405,-1.083939718,-1.259101954
2406,-1.244729877,-1.147047819
2407,2.605597138,-1.147015853
2408,0.060198767,-1.147015842
2409,0.060198767,-1.147015844
2410,0.060198767,-1.147015844
2411,0.060198767,-1.147015847
2412,0.060198767,-1.147015847
2413,0.060198767,-1.147015847
2414,0.060198767,-1.147015847
2415,0.060198767,-1.147015847
2416,0.060198767,-1.147015847
2417,0.060198767,-1.14701585
2418,0.060198767,-1.14701585
2419,0.060198767,-1.147015847
2420,0.060198767,-1.147015847
2421,0.060198767,-1.147015847
2422,0.060198767,-1.147015847
2423,0.060198767,-1.147015847
2424,0.060198767,-1.147015847
2425,0.060198767,-1.147015845
2426,0.060198767,-1.147015842
2427,0.060198767,-1.147015842
2428,0.060198767,-1.147015842
2429,0.060198767,-1.147015844
2430,0.060198767,-1.147015847
2431,0.060198767,-1.147015847
2432,0.060198767,-1.147015848
2433,0.060198767,-1.147015848
2434,0.060198767,-1.147015848
2435,0.060198767,-1.147015848
2436,0.060198767,-1.147015844
2437,0.060198767,-1.147015842
2438,0.060198767,-1.147015855
2439,0.060198767,-1.147015853
2440,0.060198767,-1.147015842
2441,0.060198767,-1.147015844
2442,0.060198767,-1.147015844
2443,0.060198767,-1.147015847
2444,0.060198767,-1.147015847
2445,0.060198767,-1.147015847
2446,0.060198767,-1.147015847
2447,0.060198767,-1.147015847
2448,0.060198767,-1.147015847
2449,0.060198767,-1.14701585
2450,0.060198767,-1.14701585
2451,0.060198767,-1.147015847
2452,0.060198767,-1.147015847
2453,0.060198767,-1.147015847
2454,0.060198767,-1.147015847
2455,0.060198767,-1.147015847
2456,0.060198767,-1.147015847
2457,0.060198767,-1.147015845
2458,0.060198767,-1.147015842
2459,0.060198767,-1.147015842
2460,0.060198767,-1.147015842
2461,0.060198767,-1.147015844
2462,0.060198767,-1.147015847
2463,0.060198767,-1.147015847
2464,0.060198767,-1.147015848
2465,0.060198767,-1.147015848
2466,0.060198767,-1.147015848
2467,0.060198767,-1.147015848
2468,0.060198767,-1.147015844
2469,0.060198767,-1.147015842
2470,0.060198767,-1.147015855
2471,0.060198767,-1.147015853
2472,0.060198767,-1.147015842
2473,0.060198767,-1.147015844
2474,0.060198767,-1.147015844
2475,0.060198767,-1.147015847
2476,0.060198767,-1.147015847
2477,0.060198767,-1.147015847
2478,0.060198767,-1.147015847
2479,0.060198767,-1.147015847
2480,0.060198767,-1.147015847
2481,0.060198767,-1.14701585
2482,0.060198767,-1.14701585
2483,0.060198767,-1.147015847
2484,0.060198767,-1.147015847
2485,0.060198767,-1.147015847
2486,0.060198767,-1.147015847
2487,0.060198767,-1.147015847
2488,0.060198767,-1.147015847
2489,0.060198767,-1.260270218
2490,0.060198767,-1.260270215
2491,2.614532759,-1.148089049
2492,0.060198767,-1.14810351
2493,2.505494131,-1.147044758
2494,-1.083939718,-1.147044764
2495,-1.083939718,-1.147044764
2496,-1.083939718,-1.147378774
2497,-1.083939718,-1.147378774
2498,-1.083939718,-1.147712785
2499,-1.083939718,-1.147712785
2500,-1.083939718,-1.148771534
2501,-1.083939718,-1.148771531
2502,1.749257076,-1.230602513
2503,-1.083939718,-1.33525761
2504,2.605597138,-1.335225645
2505,0.060198767,-1.335225643
2506,0.060198767,-1.335225642
2507,0.060198767,-1.335225645
2508,0.060198767,-1.335225648
2509,0.060198767,-1.335225648
2510,0.060198767,-1.335225648
2511,0.060198767,-1.335225648
2512,0.060198767,-1.335225648
2513,0.060198767,-1.335225651
2514,0.060198767,-1.335225651
2515,0.060198767,-1.335225651
2516,0.060198767,-1.335225651
2517,0.060198767,-1.335225648
2518,0.060198767,-1.335225648
2519,0.060198767,-1.335225648
2520,0.060198767,-1.335225648
2521,0.060198767,-1.335225648
2522,0.060198767,-1.335225645
2523,0.060198767,-1.335225645
2524,0.060198767,-1.335225645
2525,0.060198767,-1.335225645
2526,0.060198767,-1.335225648
2527,0.060198767,-1.335225648
2528,0.060198767,-1.335225648
2529,0.060198767,-1.335225648
2530,0.060198767,-1.335225648
2531,0.060198767,-1.335225648
2532,0.060198767,-1.335225648
2533,0.060198767,-1.335225645
2534,0.060198767,-1.335225643
2535,0.060198767,-1.335225645
2536,0.060198767,-1.335225645
2537,0.060198767,-1.335225643
2538,2.614532759,-1.221971269
2539,0.060198767,-1.221971274
2540,0.060198767,-1.221971277
2541,2.505494131,-1.220898067
2542,-1.083939718,-1.220883612
2543,-1.083939718,-1.220869153
2544,-1.083939718,-1.220854695
2545,-0.774687788,-1.22050623
2546,-1.083939718,-1.220491771
2547,-0.774687788,-1.220143303
2548,-1.083939718,-1.220128843
2549,-1.083939718,-1.220114382
2550,2.505494131,-1.219041172
2551,-1.244729877,-1.10695506
2552,0.060198767,-1.10695506
2553,2.605597138,-1.106923098
2554,0.060198767,-1.106923093
2555,0.060198767,-1.106923093
2556,0.060198767,-1.106923095
2557,0.060198767,-1.106923095
2558,0.060198767,-1.106923099
2559,0.060198767,-1.106923099
2560,0.060198767,-1.106923099
2561,0.060198767,-1.106923099
2562,0.060198767,-1.106923098
2563,0.060198767,-1.106923095
2564,0.060198767,-1.106923095
2565,0.060198767,-1.106923095
2566,0.060198767,-1.106923093
2567,0.060198767,-1.106923095
2568,0.060198767,-1.106923095
2569,0.060198767,-1.106923093
2570,0.060198767,-1.106923093
2571,0.060198767,-1.106923095
2572,0.060198767,-1.106923098
2573,0.060198767,-1.106923098
2574,0.060198767,-1.106923098
2575,0.060198767,-1.106923098
2576,0.060198767,-1.106923098
2577,0.060198767,-1.106923101
2578,0.060198767,-1.106923101
2579,0.060198767,-1.106923101
2580,0.060198767,-1.106923101
2581,0.060198767,-1.106923098
2582,0.060198767,-1.106923098
2583,0.060198767,-1.106923096
2584,0.060198767,-1.106923096
2585,0.060198767,-1.106923098
2586,0.060198767,-1.220177466
2587,0.060198767,-1.220177466
2588,2.614532759,-1.107996303
2589,0.060198767,-1.108010763
2590,-1.083939718,-1.108010764
2591,2.505494131,-1.106952013
2592,-1.083939718,-1.106952016
2593,-1.083939718,-1.106952016
2594,-0.774687788,-1.106618005
2595,-1.083939718,-1.106618001
2596,-1.083939718,-1.106618001
2597,-1.083939718,-1.107676753
2598,2.505494131,-1.106617998
2599,-1.244729877,-1.106618001
2600,0.060198767,-1.106649966
2601,2.605597138,-1.106617996
2602,0.060198767,-1.106617996
2603,0.060198767,-1.106618001
2604,0.060198767,-1.106618001
2605,0.060198767,-1.106618001
2606,0.060198767,-1.106618004
2607,0.060198767,-1.106618005
2608,0.060198767,-1.106618005
2609,0.060198767,-1.106618007
2610,0.060198767,-1.106618007
2611,0.060198767,-1.106618004
2612,0.060198767,-1.106618004
2613,0.060198767,-1.106618003
2614,0.060198767,-1.106618003
2615,0.060198767,-1.106618001
2616,0.060198767,-1.106618001
2617,0.060198767,-1.106618004
2618,0.060198767,-1.106618001
2619,0.060198767,-1.106618001
2620,0.060198767,-1.106618004
2621,0.060198767,-1.106618004
2622,0.060198767,-1.106618005
2623,0.060198767,-1.106618005
2624,0.060198767,-1.106618005
2625,0.060198767,-1.106618005
2626,0.060198767,-1.106618004
2627,0.060198767,-1.106618001
2628,0.060198767,-1.106618001
2629,0.060198767,-1.106618004
2630,0.060198767,-1.106618001
2631,0.060198767,-1.106618001
2632,0.060198767,-1.106618001
2633,0.060198767,-1.106617996
2634,0.060198767,-1.106617996
2635,0.060198767,-1.106618001
2636,2.614532759,-0.993363628
2637,0.060198767,-0.99336363
2638,0.060198767,-0.993363633
2639,2.505494131,-0.992290424
2640,0.060198767,-0.992290427
2641,-1.083939718,-0.992275971
2642,-1.083939718,-0.992261512
2643,0.060198767,-0.99226151
2644,-1.083939718,-0.992247051
2645,-1.083939718,-0.992232592
2646,-1.083939718,-0.992218134
2647,-7.138701194,-0.89004585
2648,-3.979059053,-0.77162194
2649,-1.083939718,-0.77160748
2650,2.425237532,-0.543855376
2651,0.060198767,-0.543855386
2652,0.060198767,-0.543855386
2653,0.060198767,-0.543855386
2654,0.060198767,-0.54385539
2655,0.060198767,-0.54385539
2656,0.060198767,-0.54385539
2657,0.060198767,-0.54385539
2658,0.060198767,-0.543855389
2659,0.060198767,-0.543855386
2660,0.060198767,-0.543855397
2661,0.060198767,-0.543855403
2662,0.060198767,-0.543855389
2663,0.060198767,-0.543855379
2664,0.060198767,-0.543855379
2665,0.060198767,-0.543855382
2666,0.060198767,-0.543855381
2667,0.060198767,-0.543855387
2668,0.060198767,-0.543855387
2669,0.060198767,-0.543855387
2670,0.060198767,-0.543855389
2671,0.060198767,-0.54385539
2672,0.060198767,-0.54385539
2673,0.060198767,-0.543855392
2674,0.060198767,-0.543855392
2675,0.060198767,-0.543855389
2676,0.060198767,-0.543855389
2677,0.060198767,-0.543855389
2678,0.060198767,-0.543855389
2679,0.060198767,-0.543855387
2680,0.060198767,-0.543855387
2681,0.060198767,-0.543855387
2682,0.060198767,-0.543855384
2683,0.060198767,-0.543855386
2684,0.060198767,-0.543855386
2685,0.060198767,-0.543855386
2686,0.060198767,-0.54385539
2687,0.060198767,-0.54385539
2688,0.060198767,-0.54385539
2689,0.060198767,-0.54385539
2690,0.060198767,-0.543855389
2691,0.060198767,-0.543855386
2692,0.060198767,-0.543855397
2693,0.060198767,-0.543855403
2694,0.060198767,-0.657109762
2695,0.060198767,-0.657109752
2696,0.060198767,-0.657124208
2697,0.060198767,-0.658197421
2698,0.060198767,-0.658211878
2699,0.060198767,-0.658226339
2700,0.060198767,-0.658240797
2701,0.060198767,-0.658255256
2702,0.060198767,-0.658269717
2703,0.060198767,-0.658284176
2704,0.060198767,-0.658298634
2705,0.060198767,-0.658563881
2706,0.060198767,-0.658578339
2707,0.060198767,-0.770664452
2708,0.060198767,-0.770696416
2709,0.060198767,-0.770696416
2710,0.060198767,-0.770696416
2711,0.060198767,-0.770696413
2712,0.060198767,-0.770696413
2713,0.060198767,-0.770696413
2714,0.060198767,-0.770696411
2715,0.060198767,-0.770696413
2716,0.060198767,-0.770696413
2717,0.060198767,-0.770696413
2718,0.060198767,-0.770696417
2719,0.060198767,-0.770696417
2720,0.060198767,-0.770696417
2721,0.060198767,-0.770696417
2722,0.060198767,-0.770696416
2723,0.060198767,-0.770696413
2724,0.060198767,-0.770696424
2725,0.060198767,-0.770696429
2726,0.060198767,-0.770696418
2727,0.060198767,-0.770696408
2728,0.060198767,-0.770696406
2729,0.060198767,-0.770696411
2730,0.060198767,-0.770696411
2731,0.060198767,-0.770696413
2732,0.060198767,-0.770696413
2733,0.060198767,-0.770696413
2734,2.614532759,-0.657442043
2735,0.060198767,-0.657442046
2736,2.505494131,-0.656368836
2737,-1.083939718,-0.65635438
2738,-1.083939718,-0.656339921
2739,-1.083939718,-0.656325464
2740,-1.083939718,-0.656311005
2741,-1.083939718,-0.656296546
2742,-1.083939718,-0.656282088
2743,-1.083939718,-0.656267628
2744,-1.083939718,-0.656253169
2745,2.505494131,-0.65517996
2746,-1.244729877,-0.543093847
2747,2.605597138,-0.543061882
2748,0.060198767,-0.543061883
2749,0.060198767,-0.543061882
2750,0.060198767,-0.543061886
2751,0.060198767,-0.543061889
2752,0.060198767,-0.543061889
2753,0.060198767,-0.543061889
2754,0.060198767,-0.543061888
2755,0.060198767,-0.543061885
2756,0.060198767,-0.543061896
2757,0.060198767,-0.543061901
2758,0.060198767,-0.543061887
2759,0.060198767,-0.543061877
2760,0.060198767,-0.543061877
2761,0.060198767,-0.543061883
2762,0.060198767,-0.543061882
2763,0.060198767,-0.543061885
2764,0.060198767,-0.543061885
2765,0.060198767,-0.543061885
2766,2.614532759,-0.429807514
2767,0.060198767,-0.429807518
2768,0.060198767,-0.429807518
2769,2.505494131,-0.428734307
2770,-1.083939718,-0.428719851
2771,-1.083939718,-0.428705394
2772,0.060198767,-0.428705393
2773,-1.083939718,-0.428690935
2774,-1.083939718,-0.428676476
2775,-1.083939718,-0.428662016
2776,-1.083939718,-0.428647558
2777,0.060198767,-0.428647558
2778,2.505494131,-0.427574345
2779,0.060198767,-0.427574345
2780,2.605597138,-0.427542381
2781,0.060198767,-0.427542383
2782,0.060198767,-0.427542384
2783,0.060198767,-0.427542387
2784,0.060198767,-0.42754239
2785,0.060198767,-0.42754239
2786,0.060198767,-0.427542389
2787,0.060198767,-0.427542386
2788,0.060198767,-0.427542397
2789,0.060198767,-0.427542402
2790,0.060198767,-0.427542388
2791,0.060198767,-0.427542375
2792,0.060198767,-0.540796748
2793,0.060198767,-0.540796757
2794,0.060198767,-0.541869964
2795,0.060198767,-0.541884425
2796,0.060198767,-0.54189888
2797,0.060198767,-0.541913339
2798,0.060198767,-0.5419278
2799,0.060198767,-0.541942259
2800,0.060198767,-0.541956717
2801,0.060198767,-0.541971174
2802,0.060198767,-0.541985633
2803,0.060198767,-0.542250877
2804,0.060198767,-0.542265335
2805,0.060198767,-0.542297302
2806,0.060198767,-0.542297302
2807,0.060198767,-0.5422973
2808,0.060198767,-0.5422973
2809,0.060198767,-0.5422973
2810,0.060198767,-0.542297297
2811,0.060198767,-0.542297295
2812,0.060198767,-0.542297295
2813,0.060198767,-0.542297297
2814,0.060198767,-0.542297298
2815,0.060198767,-0.542297301
2816,0.060198767,-0.542297304
2817,0.060198767,-0.542297304
2818,0.060198767,-0.542297303
2819,0.060198767,-0.5422973
2820,0.060198767,-0.542297311
2821,0.060198767,-0.542297316
2822,0.060198767,-0.542297302
2823,0.060198767,-0.542297289
2824,0.060198767,-0.542297292
2825,0.060198767,-0.5422973
2826,0.060198767,-0.5422973
2827,0.060198767,-0.542297303
2828,0.060198767,-0.5422973
2829,0.060198767,-0.5422973
2830,0.060198767,-0.542297303
2831,0.060198767,-0.542297304
2832,0.060198767,-0.542297304
2833,0.060198767,-0.542297303
2834,0.060198767,-0.542297303
2835,0.060198767,-0.5422973
2836,0.060198767,-0.5422973
2837,0.060198767,-0.542297302
2838,0.060198767,-0.542297302
2839,0.060198767,-0.655551673
2840,0.060198767,-0.655551673
2841,0.060198767,-0.655551671
2842,0.060198767,-0.656624878
2843,0.060198767,-0.656639334
2844,0.060198767,-0.656653789
2845,0.060198767,-0.65666825
2846,0.060198767,-0.657016719
2847,0.060198767,-0.65703118
2848,0.060198767,-0.657379652
2849,0.060198767,-0.65739411
2850,0.060198767,-0.657408568
2851,0.060198767,-0.658481775
2852,0.060198767,-0.770567899
2853,0.060198767,-0.770567902
2854,0.060198767,-0.770599852
2855,0.060198767,-0.770599839
2856,0.060198767,-0.770599842
2857,0.060198767,-0.77059985
2858,0.060198767,-0.77059985
2859,0.060198767,-0.770599852
2860,0.060198767,-0.77059985
2861,0.060198767,-0.77059985
2862,0.060198767,-0.770599852
2863,0.060198767,-0.770599853
2864,2.614532759,-0.65734548
2865,0.060198767,-0.657345482
2866,0.060198767,-0.657345482
2867,-1.083939718,-0.657331021
2868,2.505494131,-0.656257811
2869,-1.083939718,-0.656243358
2870,-1.083939718,-0.656228899
2871,-1.083939718,-0.656214441
2872,-1.083939718,-0.656199983
2873,4.053823698,-0.242303069
2874,-0.885450131,0.107704546
2875,0.060198767,0.107704533
2876,2.605597138,0.1077365
2877,1.707942583,0.439215268
2878,2.505494131,0.440288494
2879,-1.083939718,0.440302945
2880,-1.083939718,0.4403174
2881,-1.083939718,0.440331861
2882,-0.774687788,0.440680329
2883,-0.774687788,0.441028795
2884,-1.083939718,0.441043244
2885,2.505494131,0.442116451
2886,-1.244729877,0.554202601
2887,0.060198767,0.55420263
2888,2.605597138,0.554234566
2889,0.060198767,0.440980169
2890,0.060198767,0.440980152
2891,0.060198767,0.440965696
2892,0.060198767,0.439892506
2893,0.060198767,0.439878045
2894,0.060198767,0.439863586
2895,0.060198767,0.439515116
2896,0.060198767,0.439500657
2897,0.060198767,0.4394862
2898,0.060198767,0.439471745
2899,0.060198767,0.438398538
2900,0.060198767,0.326312423
2901,0.060198767,0.326312423
2902,0.060198767,0.326280459
2903,0.060198767,0.326280459
2904,0.060198767,0.326280459
2905,0.060198767,0.326280461
2906,0.060198767,0.326280461
2907,0.060198767,0.326280463
2908,0.060198767,0.326280466
2909,0.060198767,0.326280466
2910,0.060198767,0.326280466
2911,0.060198767,0.326280461
2912,-2.193902733,0.423929881
2913,0.060198767,0.423929882
2914,0.060198767,0.423929882
2915,0.060198767,0.423929879
2916,0.060198767,0.423929868
2917,0.060198767,0.423929865
2918,0.060198767,0.423929905
2919,0.060198767,0.423929935
2920,0.060198767,0.423929906
2921,0.060198767,0.42392988
2922,0.060198767,0.423929862
2923,0.060198767,0.423929865
2924,0.060198767,0.423929882
2925,0.060198767,0.423929881
2926,2.614532759,0.537184254
2927,0.060198767,0.537184249
2928,0.060198767,0.537184248
2929,2.505494131,0.538257459
2930,-1.083939718,0.538271918
2931,-1.083939718,0.538286377
2932,-1.083939718,0.538300832
2933,-1.083939718,0.53831529
2934,-1.083939718,0.538329749
2935,-1.083939718,0.538344207
2936,-1.083939718,0.538358665
2937,2.505494131,0.426177504
2938,-1.083939718,0.42619196
2939,-1.244729877,0.53827808
2940,2.548944135,0.761243385
2941,0.060198767,0.761243384
2942,0.060198767,0.761228931
2943,0.060198767,0.761214468
2944,0.060198767,0.761214462
2945,0.060198767,0.761200007
2946,0.060198767,0.761185548
2947,0.060198767,0.761171087
2948,0.060198767,0.658998794
2949,0.060198767,0.540574893
2950,0.060198767,0.540560467
2951,0.060198767,0.312808393
2952,0.060198767,0.312808361
2953,0.060198767,0.312808342
2954,0.060198767,0.312808324
2955,0.060198767,0.312808328
2956,0.060198767,0.312808345
2957,0.060198767,0.312808344
2958,0.060198767,0.312808344
2959,0.060198767,0.312808341
2960,0.060198767,0.31280834
2961,0.060198767,0.312808341
2962,0.060198767,0.312808345
2963,0.060198767,0.312808345
2964,0.060198767,0.312808342
2965,0.060198767,0.312808342
2966,0.060198767,0.312808342
2967,0.060198767,0.312808342
2968,0.060198767,0.312808342
2969,0.060198767,0.312808342
2970,0.060198767,0.312808342
2971,2.205534956,0.866186014
2972,0.060198767,0.866186025
2973,0.060198767,0.866186023
2974,2.505494131,0.867259239
2975,-1.083939718,0.867273689
2976,-1.083939718,0.867288142
2977,-1.083939718,0.867302603
2978,-1.083939718,0.867317061
2979,-1.083939718,0.867331516
2980,0.060198767,0.867331516
2981,-1.083939718,0.867345975
2982,-3.788266053,0.980619285
2983,-9.09490979,1.066732229
2984,-1.244729877,1.178818295
2985,2.605597138,1.17885024
2986,0.060198767,1.178850233
2987,0.060198767,1.17885024
2988,0.060198767,1.178850257
2989,0.060198767,1.178850253
2990,0.060198767,1.178850253
2991,0.060198767,1.17885025
2992,0.060198767,1.178850249
2993,0.060198767,1.17885025
2994,0.060198767,1.178850254
2995,0.060198767,1.178850244
2996,0.060198767,1.178850247
2997,0.060198767,1.178850256
2998,0.060198767,1.178850252
2999,0.060198767,1.178850251
3000,0.060198767,1.178850251
3001,0.060198767,1.178850251
3002,0.060198767,1.178850251
3003,0.060198767,1.178850258
3004,0.060198767,1.178850258
3005,0.060198767,1.178850256
3006,0.060198767,1.178850262
3007,0.060198767,1.178850257
3008,0.060198767,1.178850251
3009,0.060198767,1.178850254
3010,0.060198767,1.178850254
3011,0.060198767,1.178850251
3012,0.060198767,1.178850251
3013,0.060198767,1.178850251
3014,0.060198767,1.178850283
3015,0.060198767,1.178850302
3016,0.060198767,1.178850259
3017,0.060198767,1.178850239
3018,0.060198767,1.178850233
3019,0.060198767,1.17885024
3020,0.060198767,1.178850257
3021,0.060198767,1.178850253
3022,0.060198767,1.178850253
3023,2.614532759,1.292104623
3024,0.060198767,1.29210462
3025,-9.09490979,1.378217537
3026,2.505494131,1.379290745
3027,-1.083939718,1.379305191
3028,-1.083939718,1.379319652
3029,-1.083939718,1.37933412
3030,-1.083939718,1.379348573
3031,-1.083939718,1.379363031
3032,-1.083939718,1.37937749
3033,-1.083939718,1.379391948
3034,2.505494131,1.380465158
3035,-1.083939718,1.267225247
3036,0.060198767,1.26722525
3037,2.548944135,1.490190553
3038,0.060198767,1.490176103
3039,0.060198767,1.490161645
3040,0.060198767,1.490147177
3041,0.060198767,1.490132718
3042,0.060198767,1.49011826
3043,0.060198767,1.490103799
3044,0.060198767,1.490089341
3045,0.060198767,1.490074883
3046,0.060198767,1.489001704
3047,0.060198767,1.376915613
3048,0.060198767,1.376883609
3049,0.060198767,1.376883587
3050,0.060198767,1.376883579
3051,0.060198767,1.376883586
3052,0.060198767,1.376883604
3053,0.060198767,1.3768836
3054,0.060198767,1.3768836
3055,0.060198767,1.376883598
3056,0.060198767,1.376883597
3057,0.060198767,1.376883598
3058,0.060198767,1.376883601
3059,0.060198767,1.376883592
3060,0.060198767,1.376883594
3061,0.060198767,1.376883604
3062,0.060198767,1.376883599
3063,0.060198767,1.376883599
3064,0.060198767,1.376883599
3065,0.060198767,1.376883599
3066,0.060198767,1.376883599
3067,0.060198767,1.26362923
3068,0.060198767,1.263629233
3069,2.205534956,1.817006898
3070,0.060198767,1.815933707
3071,2.505494131,1.816992459
3072,-1.083939718,1.816992448
3073,0.060198767,1.816992448
3074,-1.083939718,1.816992448
3075,-1.083939718,1.816992445
3076,-1.083939718,1.816992445
3077,-1.083939718,1.816992445
3078,-1.083939718,1.817006932
3079,-1.083939718,1.815948202
3080,2.505494131,1.817021372
3081,-1.083939718,1.817003844
3082,0.060198767,1.817003825
3083,2.605597138,1.817035796
3084,0.060198767,1.817035828
3085,0.060198767,1.817035824
3086,0.060198767,1.817035822
3087,0.060198767,1.817035819
3088,0.060198767,1.817035818
3089,0.060198767,1.817035819
3090,0.060198767,1.817035823
3091,0.060198767,1.817035813
3092,0.060198767,1.817035816
3093,0.060198767,1.817035828
3094,0.060198767,1.817035823
3095,0.060198767,1.81703582
3096,0.060198767,1.81703582
3097,0.060198767,1.81703582
3098,0.060198767,1.81703582
3099,0.060198767,1.817035823
3100,0.060198767,1.817035825
3101,0.060198767,1.817035825
3102,0.060198767,1.81703583
3103,0.060198767,1.817035831
3104,0.060198767,1.817035823
3105,0.060198767,1.817035823
3106,0.060198767,1.817035823
3107,0.060198767,1.81703582
3108,0.060198767,1.81703582
3109,0.060198767,1.81703582
3110,0.060198767,1.817035849
3111,0.060198767,1.817035868
3112,0.060198767,1.817035828
3113,0.060198767,1.817035808
3114,0.060198767,1.81703579
3115,0.060198767,1.817035796
3116,0.060198767,1.817035828
3117,0.060198767,1.817035824
3118,0.060198767,1.817035822
3119,0.060198767,1.817035819
3120,2.614532759,1.930290191
3121,0.060198767,1.93029019
3122,2.505494131,1.931363404
3123,-1.083939718,1.93137785
3124,-1.083939718,1.93139231
3125,-1.083939718,1.931406781
3126,-1.083939718,1.931421234
3127,-1.083939718,1.93143569
3128,-1.083939718,1.931450148
3129,-1.083939718,1.931464606
3130,-1.083939718,1.931479064
3131,-1.083939718,1.931493525
3132,2.505494131,1.932566737
3133,-1.244729877,2.04465285
3134,2.548944135,2.268691367
3135,0.060198767,2.268691369
3136,0.060198767,2.268691361
3137,0.060198767,2.268691359
3138,0.060198767,2.268691359
3139,0.060198767,2.268691356
3140,0.060198767,2.268691356
3141,0.060198767,2.268691356
3142,0.060198767,2.268691385
3143,0.060198767,2.268691403
3144,0.060198767,2.268691364
3145,0.060198767,2.268691347
3146,0.060198767,2.268691328
3147,0.060198767,2.268691331
3148,0.060198767,2.268691363
3149,0.060198767,2.26869136
3150,0.060198767,2.268691357
3151,0.060198767,2.268691355
3152,0.060198767,2.268691354
3153,0.060198767,2.268691355
3154,0.060198767,2.268691359
3155,0.060198767,2.268691349
3156,0.060198767,2.268691351
3157,0.060198767,2.268691364
3158,0.060198767,2.268691359
3159,0.060198767,2.268691356
3160,0.060198767,2.268691356
3161,0.060198767,2.268691356
3162,0.060198767,2.268691356
3163,0.060198767,2.268691358
3164,0.060198767,2.268691361
3165,0.060198767,2.15543699
3166,0.060198767,2.155436995
3167,0.060198767,2.155436998
3168,2.205534956,2.708800197
3169,0.060198767,2.707726995
3170,-1.083939718,2.707726995
3171,2.505494131,2.708785747
3172,-1.083939718,2.708785744
3173,-1.083939718,2.708785744
3174,-1.083939718,2.29490332
3175,-1.083939718,1.944910155
3176,2.505494131,1.945983352
3177,-1.083939718,1.945965842
3178,-1.244729877,1.726573169
3179,0.060198767,1.725499961
3180,2.605597138,1.725517483
3181,0.060198767,1.725503013
3182,0.060198767,1.725488552
3183,0.060198767,1.725140093
3184,0.060198767,1.724791626
3185,0.060198767,1.724777168
3186,0.060198767,1.723703958
3187,0.060198767,1.611617836
3188,0.060198767,1.611617841
3189,0.060198767,1.611585892
3190,0.060198767,1.611585887
3191,0.060198767,1.611585881
3192,0.060198767,1.611585881
3193,0.060198767,1.611585881
3194,0.060198767,1.611585881
3195,0.060198767,1.611585884
3196,0.060198767,1.611585886
3197,0.060198767,1.611585886
3198,0.060198767,1.611585891
3199,0.060198767,1.611585894
3200,0.060198767,1.611585887
3201,0.060198767,1.611585881
3202,0.060198767,1.611585881
3203,0.060198767,1.611585881
3204,0.060198767,1.611585881
3205,0.060198767,1.611585881
3206,0.060198767,1.611585884
3207,0.060198767,1.611585887
3208,0.060198767,1.611585873
3209,0.060198767,1.611585872
3210,0.060198767,1.611585871
3211,0.060198767,1.611585871
3212,0.060198767,1.611585885
3213,0.060198767,1.513936452
3214,0.060198767,1.513936449
3215,0.060198767,1.51393646
3216,0.060198767,1.513936463
3217,0.060198767,1.513936463
3218,0.060198767,1.51393646
3219,0.060198767,1.513936451
3220,0.060198767,1.513936456
3221,0.060198767,1.513936471
3222,0.060198767,1.513936466
3223,0.060198767,1.513936461
3224,0.060198767,1.513936461
3225,0.060198767,1.513936461
3226,0.060198767,1.513936461
3227,2.614532759,1.513936463
3228,0.060198767,1.513936463
3229,2.505494131,1.515009675
3230,-1.083939718,1.513950926
3231,-1.083939718,1.513950929
3232,-1.083939718,1.513950924
3233,-1.083939718,1.513950918
3234,-1.083939718,1.513950918
3235,-1.083939718,1.513950918
3236,-1.083939718,1.513950918
3237,2.505494131,1.51500967
3238,-1.083939718,1.513950918
3239,0.060198767,1.513936463
3240,2.605597138,1.401882306
3241,0.060198767,1.177843793
3242,0.060198767,1.177843792
3243,0.058183515,1.291811943
3244,0.058857695,1.40603593
3245,0.060198767,1.406035918
3246,0.060198767,1.406035915
3247,0.060198767,1.406035926
3248,0.058183515,1.520004081
3249,0.060198767,1.52000408
3250,0.060198767,1.52000408
3251,0.060198767,1.520004071
3252,0.060198767,1.520004073
3253,0.060198767,1.520004088
3254,0.060198767,1.520004084
3255,0.060198767,1.520004078
3256,0.060198767,1.520004079
3257,0.060198767,1.520004079
3258,0.060198767,1.520004077
3259,0.060198767,1.520004078
3260,0.060198767,1.52000408
3261,0.060198767,1.520004084
3262,0.060198767,1.520004086
3263,0.060198767,1.520004088
3264,0.060198767,1.520004083
3265,0.060198767,1.520004078
3266,0.060198767,1.520004078
3267,0.060198767,1.520004078
3268,0.060198767,1.520004078
3269,0.060198767,1.520004078
3270,0.060198767,1.520004078
3271,0.060198767,1.52000408
3272,0.060198767,0.966626407
3273,0.060198767,0.966626407
3274,0.058857695,1.08085037
3275,2.614532759,1.193031533
3276,0.060198767,1.193017085
3277,-9.09490979,1.279115532
3278,2.505494131,1.280174276
3279,-1.083939718,1.280174285
3280,-1.083939718,1.280174287
3281,-0.774687788,1.280522755
3282,-1.083939718,1.280522756
3283,-0.774687788,1.167597936
3284,-1.083939718,1.081499481
3285,-1.083939718,0.969427833
3286,2.505494131,0.970469078
3287,-1.083939718,0.970483528
