{"ongoing_trials": {"tuner0": "2"}, "hyperparameters": {"space": [{"class_name": "Int", "config": {"name": "encoder_lstm_units", "default": null, "conditions": [], "min_value": 32, "max_value": 256, "step": 32, "sampling": "linear"}}, {"class_name": "Int", "config": {"name": "latent_lstm_units", "default": null, "conditions": [], "min_value": 16, "max_value": 128, "step": 16, "sampling": "linear"}}, {"class_name": "Int", "config": {"name": "decoder_lstm_units", "default": null, "conditions": [], "min_value": 16, "max_value": 128, "step": 16, "sampling": "linear"}}], "values": {"encoder_lstm_units": 32, "latent_lstm_units": 16, "decoder_lstm_units": 16}}, "start_order": ["0", "1", "2"], "end_order": ["0", "1"], "run_times": {"0": 1, "1": 1}, "retry_queue": [], "seed": 362, "seed_state": 371, "tried_so_far": ["a42ad41ef2b906a081a8720e9433196e", "f1fd3df357643a795701454db5373cb3", "34e602eafefda7984f838b1c50fc9b2a"], "id_to_hash": {"0": "a42ad41ef2b906a081a8720e9433196e", "1": "f1fd3df357643a795701454db5373cb3", "2": "34e602eafefda7984f838b1c50fc9b2a"}}